product_id,date_key,qty_sold,Instock
10359982723,2024-01-01,32,1
10359982723,2024-01-02,26,1
10359982723,2024-01-03,21,1
10359982723,2024-01-04,2,0
10359982723,2024-01-05,38,1
10359982723,2024-01-06,25,1
10359982723,2024-01-07,17,1
10359982723,2024-01-08,40,1
10359982723,2024-01-09,42,1
10359982723,2024-01-10,35,1
10359982723,2024-01-11,3,0
10359982723,2024-01-12,8,1
10359982723,2024-01-13,20,1
10359982723,2024-01-14,35,1
10359982723,2024-01-15,31,1
10359982723,2024-01-16,31,1
10359982723,2024-01-17,29,1
10359982723,2024-01-18,39,1
10359982723,2024-01-19,15,1
10359982723,2024-01-20,20,0
10359982723,2024-01-21,28,1
10359982723,2024-01-22,55,1
10359982723,2024-01-23,30,1
10359982723,2024-01-24,52,1
10359982723,2024-01-25,36,1
10359982723,2024-01-26,14,0
10359982723,2024-01-27,10,1
10359982723,2024-01-28,49,1
10380064003,2024-01-01,89,1
10380064003,2024-01-02,119,1
10380064003,2024-01-03,87,1
10380064003,2024-01-04,65,0
10380064003,2024-01-05,89,1
10380064003,2024-01-06,259,1
10380064003,2024-01-07,108,1
10380064003,2024-01-08,28,0
10380064003,2024-01-09,54,1
10380064003,2024-01-10,52,1
10380064003,2024-01-11,51,1
10380064003,2024-01-12,95,1
10380064003,2024-01-13,82,1
10380064003,2024-01-14,42,1
10380064003,2024-01-15,82,1
10380064003,2024-01-16,94,1
10380064003,2024-01-17,68,1
10380064003,2024-01-18,84,1
10380064003,2024-01-19,67,0
10380064003,2024-01-20,82,1
10380064003,2024-01-21,90,1
10380064003,2024-01-22,79,1
10380064003,2024-01-23,134,1
10380064003,2024-01-24,66,1
10380064003,2024-01-25,86,1
10380064003,2024-01-26,97,1
10380064003,2024-01-27,12,0
10380064003,2024-01-28,120,1
10553920376,2024-01-01,19,1
10553920376,2024-01-02,23,1
10553920376,2024-01-03,24,1
10553920376,2024-01-04,19,1
10553920376,2024-01-05,8,0
10553920376,2024-01-06,19,1
10553920376,2024-01-07,22,1
10553920376,2024-01-08,54,1
10553920376,2024-01-09,17,1
10553920376,2024-01-10,25,1
10553920376,2024-01-11,24,1
10553920376,2024-01-12,24,1
10553920376,2024-01-13,19,1
10553920376,2024-01-14,18,1
10553920376,2024-01-15,30,1
10553920376,2024-01-16,24,1
10553920376,2024-01-17,19,1
10553920376,2024-01-18,16,1
10553920376,2024-01-19,22,1
10553920376,2024-01-20,7,0
10553920376,2024-01-21,22,1
10553920376,2024-01-22,22,1
10553920376,2024-01-23,11,0
10553920376,2024-01-24,24,1
10553920376,2024-01-25,29,1
10553920376,2024-01-26,22,1
10553920376,2024-01-27,19,1
10553920376,2024-01-28,26,1
10827664520,2024-01-01,79,1
10827664520,2024-01-02,86,1
10827664520,2024-01-03,55,1
10827664520,2024-01-04,39,0
10827664520,2024-01-05,93,1
10827664520,2024-01-06,78,1
10827664520,2024-01-07,18,0
10827664520,2024-01-08,226,1
10827664520,2024-01-09,96,1
10827664520,2024-01-10,116,1
10827664520,2024-01-11,113,1
10827664520,2024-01-12,104,1
10827664520,2024-01-13,50,1
10827664520,2024-01-14,75,1
10827664520,2024-01-15,135,1
10827664520,2024-01-16,75,0
10827664520,2024-01-17,36,0
10827664520,2024-01-18,35,0
10827664520,2024-01-19,87,1
10827664520,2024-01-20,41,1
10827664520,2024-01-21,95,1
10827664520,2024-01-22,118,1
10827664520,2024-01-23,70,1
10827664520,2024-01-24,109,1
10827664520,2024-01-25,124,1
10827664520,2024-01-26,26,0
10827664520,2024-01-27,85,1
10827664520,2024-01-28,116,1
11126206808,2024-01-01,146,1
11126206808,2024-01-02,2,0
11126206808,2024-01-03,93,1
11126206808,2024-01-04,141,1
11126206808,2024-01-05,152,1
11126206808,2024-01-06,6,0
11126206808,2024-01-07,71,0
11126206808,2024-01-08,112,1
11126206808,2024-01-09,88,1
11126206808,2024-01-10,107,1
11126206808,2024-01-11,58,1
11126206808,2024-01-12,67,1
11126206808,2024-01-13,128,1
11126206808,2024-01-14,117,1
11126206808,2024-01-15,41,1
11126206808,2024-01-16,80,1
11126206808,2024-01-17,74,1
11126206808,2024-01-18,70,1
11126206808,2024-01-19,130,1
11126206808,2024-01-20,17,0
11126206808,2024-01-21,155,1
11126206808,2024-01-22,102,1
11126206808,2024-01-23,108,1
11126206808,2024-01-24,168,1
11126206808,2024-01-25,68,1
11126206808,2024-01-26,30,0
11126206808,2024-01-27,47,1
11126206808,2024-01-28,78,1
11178712148,2024-01-01,29,0
11178712148,2024-01-02,62,1
11178712148,2024-01-03,58,1
11178712148,2024-01-04,63,1
11178712148,2024-01-05,40,0
11178712148,2024-01-06,21,0
11178712148,2024-01-07,58,1
11178712148,2024-01-08,41,0
11178712148,2024-01-09,64,1
11178712148,2024-01-10,66,1
11178712148,2024-01-11,62,1
11178712148,2024-01-12,155,1
11178712148,2024-01-13,66,1
11178712148,2024-01-14,60,1
11178712148,2024-01-15,58,1
11178712148,2024-01-16,19,0
11178712148,2024-01-17,18,0
11178712148,2024-01-18,58,1
11178712148,2024-01-19,228,1
11178712148,2024-01-20,62,1
11178712148,2024-01-21,65,1
11178712148,2024-01-22,64,1
11178712148,2024-01-23,64,1
11178712148,2024-01-24,71,1
11178712148,2024-01-25,60,1
11178712148,2024-01-26,64,1
11178712148,2024-01-27,63,1
11178712148,2024-01-28,7,0
11240763777,2024-01-01,34,1
11240763777,2024-01-02,30,1
11240763777,2024-01-03,27,1
11240763777,2024-01-04,26,1
11240763777,2024-01-05,28,1
11240763777,2024-01-06,28,1
11240763777,2024-01-07,26,1
11240763777,2024-01-08,26,1
11240763777,2024-01-09,29,1
11240763777,2024-01-10,30,1
11240763777,2024-01-11,25,1
11240763777,2024-01-12,30,1
11240763777,2024-01-13,29,1
11240763777,2024-01-14,26,1
11240763777,2024-01-15,30,1
11240763777,2024-01-16,27,1
11240763777,2024-01-17,28,1
11240763777,2024-01-18,27,1
11240763777,2024-01-19,26,1
11240763777,2024-01-20,26,1
11240763777,2024-01-21,29,1
11240763777,2024-01-22,12,0
11240763777,2024-01-23,30,1
11240763777,2024-01-24,6,0
11240763777,2024-01-25,49,0
11240763777,2024-01-26,28,1
11240763777,2024-01-27,26,1
11240763777,2024-01-28,28,1
11346330514,2024-01-01,21,1
11346330514,2024-01-02,25,1
11346330514,2024-01-03,25,1
11346330514,2024-01-04,20,1
11346330514,2024-01-05,5,0
11346330514,2024-01-06,6,0
11346330514,2024-01-07,25,1
11346330514,2024-01-08,7,0
11346330514,2024-01-09,26,1
11346330514,2024-01-10,89,1
11346330514,2024-01-11,0,0
11346330514,2024-01-12,23,1
11346330514,2024-01-13,12,0
11346330514,2024-01-14,23,1
11346330514,2024-01-15,20,1
11346330514,2024-01-16,36,1
11346330514,2024-01-17,39,1
11346330514,2024-01-18,2,0
11346330514,2024-01-19,22,1
11346330514,2024-01-20,53,1
11346330514,2024-01-21,20,1
11346330514,2024-01-22,21,1
11346330514,2024-01-23,26,1
11346330514,2024-01-24,62,1
11346330514,2024-01-25,21,1
11346330514,2024-01-26,23,1
11346330514,2024-01-27,25,1
11346330514,2024-01-28,18,1
11492173579,2024-01-01,47,1
11492173579,2024-01-02,9,1
11492173579,2024-01-03,19,1
11492173579,2024-01-04,27,1
11492173579,2024-01-05,1,0
11492173579,2024-01-06,15,1
11492173579,2024-01-07,3,0
11492173579,2024-01-08,14,1
11492173579,2024-01-09,9,1
11492173579,2024-01-10,19,1
11492173579,2024-01-11,3,1
11492173579,2024-01-12,57,1
11492173579,2024-01-13,7,1
11492173579,2024-01-14,15,1
11492173579,2024-01-15,13,1
11492173579,2024-01-16,14,1
11492173579,2024-01-17,10,0
11492173579,2024-01-18,14,1
11492173579,2024-01-19,2,0
11492173579,2024-01-20,13,1
11492173579,2024-01-21,6,0
11492173579,2024-01-22,6,1
11492173579,2024-01-23,11,1
11492173579,2024-01-24,1,0
11492173579,2024-01-25,7,1
11492173579,2024-01-26,16,1
11492173579,2024-01-27,11,1
11492173579,2024-01-28,9,0
11562869932,2024-01-01,56,1
11562869932,2024-01-02,35,1
11562869932,2024-01-03,1,1
11562869932,2024-01-04,1,0
11562869932,2024-01-05,55,1
11562869932,2024-01-06,61,1
11562869932,2024-01-07,37,1
11562869932,2024-01-08,113,1
11562869932,2024-01-09,15,0
11562869932,2024-01-10,24,1
11562869932,2024-01-11,25,0
11562869932,2024-01-12,39,0
11562869932,2024-01-13,46,1
11562869932,2024-01-14,24,1
11562869932,2024-01-15,31,1
11562869932,2024-01-16,8,0
11562869932,2024-01-17,48,1
11562869932,2024-01-18,71,1
11562869932,2024-01-19,54,1
11562869932,2024-01-20,41,0
11562869932,2024-01-21,60,1
11562869932,2024-01-22,32,0
11562869932,2024-01-23,88,1
11562869932,2024-01-24,219,1
11562869932,2024-01-25,46,1
11562869932,2024-01-26,99,1
11562869932,2024-01-27,48,1
11562869932,2024-01-28,82,1
11652564872,2024-01-01,42,1
11652564872,2024-01-02,64,1
11652564872,2024-01-03,184,1
11652564872,2024-01-04,25,0
11652564872,2024-01-05,2,0
11652564872,2024-01-06,12,0
11652564872,2024-01-07,44,1
11652564872,2024-01-08,6,0
11652564872,2024-01-09,69,1
11652564872,2024-01-10,38,1
11652564872,2024-01-11,53,1
11652564872,2024-01-12,30,1
11652564872,2024-01-13,45,1
11652564872,2024-01-14,57,1
11652564872,2024-01-15,41,1
11652564872,2024-01-16,54,1
11652564872,2024-01-17,43,1
11652564872,2024-01-18,38,1
11652564872,2024-01-19,50,1
11652564872,2024-01-20,45,1
11652564872,2024-01-21,38,1
11652564872,2024-01-22,49,1
11652564872,2024-01-23,57,1
11652564872,2024-01-24,55,1
11652564872,2024-01-25,32,1
11652564872,2024-01-26,4,0
11652564872,2024-01-27,30,1
11652564872,2024-01-28,13,0
11652580597,2024-01-01,56,1
11652580597,2024-01-02,76,1
11652580597,2024-01-03,65,1
11652580597,2024-01-04,16,1
11652580597,2024-01-05,56,1
11652580597,2024-01-06,43,0
11652580597,2024-01-07,28,0
11652580597,2024-01-08,35,0
11652580597,2024-01-09,4,0
11652580597,2024-01-10,5,0
11652580597,2024-01-11,83,1
11652580597,2024-01-12,59,1
11652580597,2024-01-13,13,0
11652580597,2024-01-14,75,1
11652580597,2024-01-15,85,1
11652580597,2024-01-16,26,0
11652580597,2024-01-17,7,0
11652580597,2024-01-18,4,0
11652580597,2024-01-19,84,1
11652580597,2024-01-20,53,1
11652580597,2024-01-21,27,1
11652580597,2024-01-22,93,1
11652580597,2024-01-23,91,1
11652580597,2024-01-24,59,1
11652580597,2024-01-25,54,1
11652580597,2024-01-26,51,1
11652580597,2024-01-27,87,1
11652580597,2024-01-28,63,1
12004959099,2024-01-01,20,1
12004959099,2024-01-02,57,0
12004959099,2024-01-03,19,1
12004959099,2024-01-04,6,0
12004959099,2024-01-05,20,1
12004959099,2024-01-06,1,0
12004959099,2024-01-07,19,1
12004959099,2024-01-08,19,1
12004959099,2024-01-09,8,0
12004959099,2024-01-10,19,1
12004959099,2024-01-11,20,1
12004959099,2024-01-12,17,1
12004959099,2024-01-13,19,1
12004959099,2024-01-14,21,1
12004959099,2024-01-15,10,0
12004959099,2024-01-16,8,0
12004959099,2024-01-17,19,1
12004959099,2024-01-18,19,1
12004959099,2024-01-19,13,0
12004959099,2024-01-20,18,1
12004959099,2024-01-21,19,1
12004959099,2024-01-22,18,1
12004959099,2024-01-23,17,1
12004959099,2024-01-24,3,0
12004959099,2024-01-25,9,0
12004959099,2024-01-26,19,1
12004959099,2024-01-27,18,1
12004959099,2024-01-28,19,1
12029493615,2024-01-01,11,1
12029493615,2024-01-02,17,1
12029493615,2024-01-03,16,1
12029493615,2024-01-04,4,0
12029493615,2024-01-05,6,0
12029493615,2024-01-06,3,0
12029493615,2024-01-07,11,1
12029493615,2024-01-08,11,1
12029493615,2024-01-09,51,1
12029493615,2024-01-10,18,1
12029493615,2024-01-11,10,1
12029493615,2024-01-12,6,0
12029493615,2024-01-13,10,1
12029493615,2024-01-14,7,1
12029493615,2024-01-15,0,0
12029493615,2024-01-16,3,1
12029493615,2024-01-17,12,1
12029493615,2024-01-18,14,1
12029493615,2024-01-19,34,1
12029493615,2024-01-20,17,1
12029493615,2024-01-21,21,1
12029493615,2024-01-22,11,1
12029493615,2024-01-23,5,1
12029493615,2024-01-24,9,1
12029493615,2024-01-25,1,0
12029493615,2024-01-26,5,0
12029493615,2024-01-27,1,0
12029493615,2024-01-28,10,1
12046350625,2024-01-01,40,1
12046350625,2024-01-02,66,1
12046350625,2024-01-03,27,0
12046350625,2024-01-04,38,1
12046350625,2024-01-05,30,1
12046350625,2024-01-06,59,1
12046350625,2024-01-07,64,1
12046350625,2024-01-08,63,1
12046350625,2024-01-09,26,1
12046350625,2024-01-10,19,0
12046350625,2024-01-11,27,1
12046350625,2024-01-12,1,0
12046350625,2024-01-13,46,1
12046350625,2024-01-14,44,1
12046350625,2024-01-15,7,0
12046350625,2024-01-16,13,0
12046350625,2024-01-17,60,1
12046350625,2024-01-18,59,1
12046350625,2024-01-19,82,1
12046350625,2024-01-20,3,1
12046350625,2024-01-21,68,1
12046350625,2024-01-22,53,1
12046350625,2024-01-23,62,1
12046350625,2024-01-24,46,1
12046350625,2024-01-25,11,0
12046350625,2024-01-26,23,1
12046350625,2024-01-27,20,1
12046350625,2024-01-28,51,1
12105798609,2024-01-01,130,1
12105798609,2024-01-02,84,1
12105798609,2024-01-03,54,1
12105798609,2024-01-04,48,1
12105798609,2024-01-05,101,1
12105798609,2024-01-06,54,1
12105798609,2024-01-07,95,1
12105798609,2024-01-08,42,1
12105798609,2024-01-09,96,1
12105798609,2024-01-10,125,1
12105798609,2024-01-11,65,1
12105798609,2024-01-12,108,1
12105798609,2024-01-13,94,1
12105798609,2024-01-14,78,1
12105798609,2024-01-15,305,1
12105798609,2024-01-16,127,1
12105798609,2024-01-17,3,1
12105798609,2024-01-18,62,1
12105798609,2024-01-19,42,1
12105798609,2024-01-20,47,0
12105798609,2024-01-21,61,1
12105798609,2024-01-22,15,0
12105798609,2024-01-23,113,1
12105798609,2024-01-24,34,1
12105798609,2024-01-25,56,1
12105798609,2024-01-26,33,1
12105798609,2024-01-27,97,1
12105798609,2024-01-28,89,1
12167794705,2024-01-01,12,1
12167794705,2024-01-02,26,1
12167794705,2024-01-03,36,1
12167794705,2024-01-04,16,0
12167794705,2024-01-05,36,1
12167794705,2024-01-06,27,1
12167794705,2024-01-07,0,0
12167794705,2024-01-08,29,1
12167794705,2024-01-09,40,1
12167794705,2024-01-10,29,1
12167794705,2024-01-11,15,1
12167794705,2024-01-12,28,1
12167794705,2024-01-13,42,1
12167794705,2024-01-14,11,0
12167794705,2024-01-15,18,0
12167794705,2024-01-16,29,1
12167794705,2024-01-17,46,1
12167794705,2024-01-18,21,1
12167794705,2024-01-19,2,0
12167794705,2024-01-20,35,1
12167794705,2024-01-21,21,1
12167794705,2024-01-22,15,1
12167794705,2024-01-23,15,1
12167794705,2024-01-24,38,1
12167794705,2024-01-25,32,1
12167794705,2024-01-26,27,1
12167794705,2024-01-27,16,1
12167794705,2024-01-28,37,1
12167798928,2024-01-01,34,1
12167798928,2024-01-02,65,1
12167798928,2024-01-03,90,1
12167798928,2024-01-04,73,1
12167798928,2024-01-05,60,1
12167798928,2024-01-06,44,1
12167798928,2024-01-07,55,0
12167798928,2024-01-08,55,1
12167798928,2024-01-09,20,0
12167798928,2024-01-10,36,1
12167798928,2024-01-11,53,1
12167798928,2024-01-12,74,1
12167798928,2024-01-13,95,1
12167798928,2024-01-14,30,0
12167798928,2024-01-15,58,1
12167798928,2024-01-16,41,1
12167798928,2024-01-17,84,1
12167798928,2024-01-18,39,1
12167798928,2024-01-19,3,0
12167798928,2024-01-20,13,0
12167798928,2024-01-21,61,1
12167798928,2024-01-22,3,0
12167798928,2024-01-23,36,1
12167798928,2024-01-24,84,1
12167798928,2024-01-25,73,1
12167798928,2024-01-26,41,1
12167798928,2024-01-27,74,1
12167798928,2024-01-28,34,1
12178548439,2024-01-01,82,1
12178548439,2024-01-02,49,1
12178548439,2024-01-03,40,1
12178548439,2024-01-04,101,1
12178548439,2024-01-05,94,1
12178548439,2024-01-06,95,1
12178548439,2024-01-07,53,1
12178548439,2024-01-08,110,1
12178548439,2024-01-09,65,1
12178548439,2024-01-10,37,1
12178548439,2024-01-11,7,0
12178548439,2024-01-12,257,0
12178548439,2024-01-13,55,1
12178548439,2024-01-14,69,1
12178548439,2024-01-15,100,1
12178548439,2024-01-16,44,1
12178548439,2024-01-17,52,1
12178548439,2024-01-18,79,1
12178548439,2024-01-19,71,1
12178548439,2024-01-20,94,1
12178548439,2024-01-21,69,1
12178548439,2024-01-22,81,1
12178548439,2024-01-23,84,1
12178548439,2024-01-24,36,1
12178548439,2024-01-25,75,1
12178548439,2024-01-26,61,1
12178548439,2024-01-27,0,1
12178548439,2024-01-28,36,1
12178551160,2024-01-01,88,1
12178551160,2024-01-02,100,1
12178551160,2024-01-03,106,1
12178551160,2024-01-04,96,1
12178551160,2024-01-05,100,1
12178551160,2024-01-06,91,1
12178551160,2024-01-07,89,1
12178551160,2024-01-08,92,1
12178551160,2024-01-09,45,0
12178551160,2024-01-10,61,0
12178551160,2024-01-11,85,1
12178551160,2024-01-12,97,1
12178551160,2024-01-13,29,0
12178551160,2024-01-14,102,1
12178551160,2024-01-15,99,1
12178551160,2024-01-16,308,1
12178551160,2024-01-17,102,1
12178551160,2024-01-18,103,1
12178551160,2024-01-19,90,1
12178551160,2024-01-20,91,1
12178551160,2024-01-21,41,0
12178551160,2024-01-22,100,1
12178551160,2024-01-23,95,1
12178551160,2024-01-24,104,1
12178551160,2024-01-25,113,1
12178551160,2024-01-26,79,1
12178551160,2024-01-27,104,1
12178551160,2024-01-28,91,1
12188162717,2024-01-01,118,1
12188162717,2024-01-02,29,1
12188162717,2024-01-03,25,0
12188162717,2024-01-04,61,1
12188162717,2024-01-05,1,0
12188162717,2024-01-06,63,1
12188162717,2024-01-07,75,1
12188162717,2024-01-08,41,1
12188162717,2024-01-09,63,1
12188162717,2024-01-10,70,1
12188162717,2024-01-11,83,1
12188162717,2024-01-12,38,1
12188162717,2024-01-13,41,1
12188162717,2024-01-14,38,1
12188162717,2024-01-15,64,1
12188162717,2024-01-16,62,1
12188162717,2024-01-17,110,1
12188162717,2024-01-18,99,1
12188162717,2024-01-19,15,0
12188162717,2024-01-20,52,0
12188162717,2024-01-21,55,1
12188162717,2024-01-22,94,1
12188162717,2024-01-23,81,1
12188162717,2024-01-24,102,1
12188162717,2024-01-25,30,0
12188162717,2024-01-26,99,1
12188162717,2024-01-27,67,1
12188162717,2024-01-28,3,0
12188162732,2024-01-01,48,1
12188162732,2024-01-02,43,1
12188162732,2024-01-03,35,1
12188162732,2024-01-04,78,1
12188162732,2024-01-05,25,1
12188162732,2024-01-06,57,1
12188162732,2024-01-07,113,1
12188162732,2024-01-08,16,0
12188162732,2024-01-09,61,1
12188162732,2024-01-10,22,1
12188162732,2024-01-11,42,1
12188162732,2024-01-12,72,1
12188162732,2024-01-13,7,1
12188162732,2024-01-14,23,0
12188162732,2024-01-15,50,1
12188162732,2024-01-16,39,1
12188162732,2024-01-17,9,0
12188162732,2024-01-18,14,1
12188162732,2024-01-19,39,1
12188162732,2024-01-20,20,0
12188162732,2024-01-21,60,1
12188162732,2024-01-22,18,1
12188162732,2024-01-23,12,1
12188162732,2024-01-24,30,1
12188162732,2024-01-25,67,1
12188162732,2024-01-26,32,0
12188162732,2024-01-27,47,1
12188162732,2024-01-28,67,1
12188166232,2024-01-01,109,1
12188166232,2024-01-02,67,1
12188166232,2024-01-03,119,1
12188166232,2024-01-04,127,1
12188166232,2024-01-05,69,1
12188166232,2024-01-06,78,1
12188166232,2024-01-07,73,0
12188166232,2024-01-08,60,1
12188166232,2024-01-09,38,1
12188166232,2024-01-10,170,1
12188166232,2024-01-11,64,0
12188166232,2024-01-12,66,1
12188166232,2024-01-13,86,1
12188166232,2024-01-14,509,1
12188166232,2024-01-15,60,1
12188166232,2024-01-16,121,1
12188166232,2024-01-17,102,1
12188166232,2024-01-18,151,1
12188166232,2024-01-19,100,1
12188166232,2024-01-20,95,1
12188166232,2024-01-21,70,1
12188166232,2024-01-22,18,1
12188166232,2024-01-23,86,1
12188166232,2024-01-24,100,1
12188166232,2024-01-25,81,1
12188166232,2024-01-26,24,0
12188166232,2024-01-27,37,0
12188166232,2024-01-28,25,0
12188167432,2024-01-01,46,1
12188167432,2024-01-02,112,0
12188167432,2024-01-03,117,1
12188167432,2024-01-04,71,1
12188167432,2024-01-05,213,1
12188167432,2024-01-06,69,1
12188167432,2024-01-07,93,1
12188167432,2024-01-08,259,1
12188167432,2024-01-09,107,1
12188167432,2024-01-10,126,1
12188167432,2024-01-11,307,1
12188167432,2024-01-12,79,1
12188167432,2024-01-13,63,0
12188167432,2024-01-14,105,1
12188167432,2024-01-15,85,1
12188167432,2024-01-16,107,1
12188167432,2024-01-17,95,1
12188167432,2024-01-18,308,1
12188167432,2024-01-19,110,1
12188167432,2024-01-20,77,1
12188167432,2024-01-21,124,1
12188167432,2024-01-22,112,1
12188167432,2024-01-23,49,1
12188167432,2024-01-24,148,1
12188167432,2024-01-25,90,1
12188167432,2024-01-26,77,1
12188167432,2024-01-27,5,0
12188167432,2024-01-28,98,1
12188170964,2024-01-01,43,0
12188170964,2024-01-02,9,1
12188170964,2024-01-03,41,1
12188170964,2024-01-04,59,1
12188170964,2024-01-05,88,1
12188170964,2024-01-06,41,1
12188170964,2024-01-07,35,1
12188170964,2024-01-08,34,1
12188170964,2024-01-09,7,0
12188170964,2024-01-10,35,1
12188170964,2024-01-11,25,1
12188170964,2024-01-12,16,0
12188170964,2024-01-13,50,1
12188170964,2024-01-14,45,1
12188170964,2024-01-15,37,1
12188170964,2024-01-16,54,1
12188170964,2024-01-17,49,1
12188170964,2024-01-18,11,1
12188170964,2024-01-19,71,1
12188170964,2024-01-20,14,0
12188170964,2024-01-21,26,1
12188170964,2024-01-22,21,1
12188170964,2024-01-23,54,1
12188170964,2024-01-24,38,1
12188170964,2024-01-25,87,1
12188170964,2024-01-26,3,0
12188170964,2024-01-27,81,1
12188170964,2024-01-28,22,1
12243258454,2024-01-01,16,1
12243258454,2024-01-02,3,0
12243258454,2024-01-03,20,1
12243258454,2024-01-04,20,1
12243258454,2024-01-05,2,0
12243258454,2024-01-06,16,1
12243258454,2024-01-07,16,1
12243258454,2024-01-08,16,1
12243258454,2024-01-09,9,1
12243258454,2024-01-10,10,1
12243258454,2024-01-11,17,1
12243258454,2024-01-12,18,1
12243258454,2024-01-13,14,1
12243258454,2024-01-14,18,1
12243258454,2024-01-15,3,0
12243258454,2024-01-16,4,0
12243258454,2024-01-17,18,1
12243258454,2024-01-18,2,0
12243258454,2024-01-19,15,1
12243258454,2024-01-20,18,1
12243258454,2024-01-21,18,1
12243258454,2024-01-22,11,1
12243258454,2024-01-23,11,0
12243258454,2024-01-24,17,1
12243258454,2024-01-25,21,1
12243258454,2024-01-26,11,1
12243258454,2024-01-27,25,1
12243258454,2024-01-28,20,1
12243259630,2024-01-01,216,1
12243259630,2024-01-02,60,1
12243259630,2024-01-03,243,0
12243259630,2024-01-04,68,1
12243259630,2024-01-05,71,1
12243259630,2024-01-06,6,0
12243259630,2024-01-07,31,0
12243259630,2024-01-08,69,1
12243259630,2024-01-09,105,1
12243259630,2024-01-10,50,1
12243259630,2024-01-11,64,1
12243259630,2024-01-12,59,1
12243259630,2024-01-13,52,1
12243259630,2024-01-14,6,1
12243259630,2024-01-15,85,1
12243259630,2024-01-16,14,0
12243259630,2024-01-17,64,1
12243259630,2024-01-18,72,1
12243259630,2024-01-19,62,1
12243259630,2024-01-20,16,0
12243259630,2024-01-21,91,1
12243259630,2024-01-22,68,0
12243259630,2024-01-23,70,1
12243259630,2024-01-24,60,1
12243259630,2024-01-25,67,1
12243259630,2024-01-26,74,1
12243259630,2024-01-27,57,1
12243259630,2024-01-28,47,1
12251176164,2024-01-01,47,1
12251176164,2024-01-02,188,0
12251176164,2024-01-03,43,1
12251176164,2024-01-04,45,1
12251176164,2024-01-05,151,1
12251176164,2024-01-06,67,1
12251176164,2024-01-07,52,1
12251176164,2024-01-08,58,1
12251176164,2024-01-09,45,1
12251176164,2024-01-10,46,1
12251176164,2024-01-11,63,1
12251176164,2024-01-12,21,0
12251176164,2024-01-13,60,1
12251176164,2024-01-14,51,1
12251176164,2024-01-15,50,1
12251176164,2024-01-16,22,0
12251176164,2024-01-17,62,1
12251176164,2024-01-18,12,0
12251176164,2024-01-19,57,1
12251176164,2024-01-20,40,1
12251176164,2024-01-21,3,0
12251176164,2024-01-22,44,1
12251176164,2024-01-23,56,1
12251176164,2024-01-24,44,1
12251176164,2024-01-25,64,1
12251176164,2024-01-26,62,1
12251176164,2024-01-27,52,1
12251176164,2024-01-28,53,1
12348884465,2024-01-01,76,1
12348884465,2024-01-02,37,1
12348884465,2024-01-03,64,1
12348884465,2024-01-04,71,1
12348884465,2024-01-05,41,1
12348884465,2024-01-06,78,1
12348884465,2024-01-07,53,0
12348884465,2024-01-08,109,1
12348884465,2024-01-09,20,0
12348884465,2024-01-10,58,1
12348884465,2024-01-11,78,1
12348884465,2024-01-12,65,1
12348884465,2024-01-13,74,1
12348884465,2024-01-14,77,1
12348884465,2024-01-15,20,1
12348884465,2024-01-16,61,1
12348884465,2024-01-17,20,1
12348884465,2024-01-18,164,1
12348884465,2024-01-19,4,0
12348884465,2024-01-20,58,1
12348884465,2024-01-21,26,1
12348884465,2024-01-22,54,0
12348884465,2024-01-23,81,1
12348884465,2024-01-24,8,0
12348884465,2024-01-25,121,1
12348884465,2024-01-26,21,0
12348884465,2024-01-27,59,1
12348884465,2024-01-28,56,1
12348884560,2024-01-01,36,1
12348884560,2024-01-02,14,0
12348884560,2024-01-03,0,0
12348884560,2024-01-04,20,1
12348884560,2024-01-05,32,1
12348884560,2024-01-06,33,1
12348884560,2024-01-07,88,0
12348884560,2024-01-08,4,0
12348884560,2024-01-09,36,1
12348884560,2024-01-10,13,0
12348884560,2024-01-11,15,1
12348884560,2024-01-12,30,1
12348884560,2024-01-13,23,1
12348884560,2024-01-14,22,1
12348884560,2024-01-15,33,1
12348884560,2024-01-16,22,1
12348884560,2024-01-17,28,1
12348884560,2024-01-18,30,1
12348884560,2024-01-19,36,1
12348884560,2024-01-20,31,1
12348884560,2024-01-21,34,1
12348884560,2024-01-22,55,1
12348884560,2024-01-23,29,1
12348884560,2024-01-24,38,1
12348884560,2024-01-25,26,1
12348884560,2024-01-26,29,1
12348884560,2024-01-27,33,1
12348884560,2024-01-28,25,1
12348885948,2024-01-01,18,1
12348885948,2024-01-02,8,0
12348885948,2024-01-03,7,0
12348885948,2024-01-04,20,1
12348885948,2024-01-05,16,1
12348885948,2024-01-06,49,1
12348885948,2024-01-07,21,1
12348885948,2024-01-08,17,1
12348885948,2024-01-09,9,0
12348885948,2024-01-10,21,1
12348885948,2024-01-11,23,1
12348885948,2024-01-12,19,1
12348885948,2024-01-13,19,1
12348885948,2024-01-14,5,0
12348885948,2024-01-15,19,1
12348885948,2024-01-16,20,1
12348885948,2024-01-17,6,0
12348885948,2024-01-18,42,1
12348885948,2024-01-19,90,1
12348885948,2024-01-20,10,0
12348885948,2024-01-21,20,1
12348885948,2024-01-22,17,1
12348885948,2024-01-23,19,1
12348885948,2024-01-24,20,1
12348885948,2024-01-25,19,1
12348885948,2024-01-26,22,1
12348885948,2024-01-27,17,1
12348885948,2024-01-28,17,1
12356657106,2024-01-01,96,1
12356657106,2024-01-02,68,1
12356657106,2024-01-03,32,0
12356657106,2024-01-04,91,1
12356657106,2024-01-05,92,1
12356657106,2024-01-06,62,1
12356657106,2024-01-07,3,0
12356657106,2024-01-08,28,0
12356657106,2024-01-09,80,1
12356657106,2024-01-10,76,1
12356657106,2024-01-11,80,1
12356657106,2024-01-12,95,1
12356657106,2024-01-13,94,1
12356657106,2024-01-14,43,0
12356657106,2024-01-15,82,1
12356657106,2024-01-16,70,1
12356657106,2024-01-17,81,1
12356657106,2024-01-18,64,1
12356657106,2024-01-19,95,1
12356657106,2024-01-20,76,1
12356657106,2024-01-21,88,1
12356657106,2024-01-22,74,1
12356657106,2024-01-23,78,1
12356657106,2024-01-24,73,1
12356657106,2024-01-25,87,1
12356657106,2024-01-26,44,0
12356657106,2024-01-27,44,0
12356657106,2024-01-28,83,1
12392813940,2024-01-01,80,1
12392813940,2024-01-02,71,1
12392813940,2024-01-03,66,1
12392813940,2024-01-04,97,1
12392813940,2024-01-05,81,1
12392813940,2024-01-06,51,1
12392813940,2024-01-07,80,1
12392813940,2024-01-08,33,1
12392813940,2024-01-09,90,1
12392813940,2024-01-10,84,1
12392813940,2024-01-11,107,1
12392813940,2024-01-12,77,1
12392813940,2024-01-13,89,1
12392813940,2024-01-14,84,1
12392813940,2024-01-15,45,1
12392813940,2024-01-16,200,0
12392813940,2024-01-17,91,1
12392813940,2024-01-18,90,1
12392813940,2024-01-19,109,1
12392813940,2024-01-20,94,1
12392813940,2024-01-21,86,1
12392813940,2024-01-22,137,1
12392813940,2024-01-23,86,1
12392813940,2024-01-24,93,1
12392813940,2024-01-25,96,1
12392813940,2024-01-26,61,1
12392813940,2024-01-27,86,1
12392813940,2024-01-28,70,1
12514023412,2024-01-01,197,1
12514023412,2024-01-02,94,1
12514023412,2024-01-03,96,1
12514023412,2024-01-04,97,1
12514023412,2024-01-05,3,0
12514023412,2024-01-06,98,1
12514023412,2024-01-07,94,1
12514023412,2024-01-08,94,1
12514023412,2024-01-09,98,1
12514023412,2024-01-10,95,1
12514023412,2024-01-11,99,1
12514023412,2024-01-12,50,0
12514023412,2024-01-13,97,1
12514023412,2024-01-14,96,1
12514023412,2024-01-15,98,1
12514023412,2024-01-16,98,1
12514023412,2024-01-17,46,0
12514023412,2024-01-18,96,1
12514023412,2024-01-19,98,1
12514023412,2024-01-20,99,1
12514023412,2024-01-21,97,1
12514023412,2024-01-22,104,1
12514023412,2024-01-23,96,1
12514023412,2024-01-24,100,1
12514023412,2024-01-25,99,1
12514023412,2024-01-26,97,1
12514023412,2024-01-27,41,0
12514023412,2024-01-28,97,1
12514023434,2024-01-01,33,1
12514023434,2024-01-02,20,0
12514023434,2024-01-03,35,1
12514023434,2024-01-04,3,0
12514023434,2024-01-05,36,1
12514023434,2024-01-06,29,1
12514023434,2024-01-07,10,0
12514023434,2024-01-08,33,1
12514023434,2024-01-09,7,0
12514023434,2024-01-10,11,0
12514023434,2024-01-11,34,1
12514023434,2024-01-12,32,1
12514023434,2024-01-13,38,1
12514023434,2024-01-14,42,1
12514023434,2024-01-15,0,0
12514023434,2024-01-16,21,0
12514023434,2024-01-17,34,1
12514023434,2024-01-18,34,1
12514023434,2024-01-19,35,1
12514023434,2024-01-20,34,1
12514023434,2024-01-21,31,1
12514023434,2024-01-22,39,1
12514023434,2024-01-23,24,0
12514023434,2024-01-24,43,1
12514023434,2024-01-25,40,1
12514023434,2024-01-26,35,1
12514023434,2024-01-27,37,1
12514023434,2024-01-28,25,1
12515743527,2024-01-01,75,1
12515743527,2024-01-02,83,1
12515743527,2024-01-03,39,1
12515743527,2024-01-04,136,1
12515743527,2024-01-05,77,1
12515743527,2024-01-06,49,0
12515743527,2024-01-07,301,1
12515743527,2024-01-08,88,1
12515743527,2024-01-09,113,1
12515743527,2024-01-10,265,1
12515743527,2024-01-11,78,1
12515743527,2024-01-12,68,0
12515743527,2024-01-13,68,1
12515743527,2024-01-14,122,1
12515743527,2024-01-15,109,1
12515743527,2024-01-16,47,1
12515743527,2024-01-17,117,1
12515743527,2024-01-18,99,1
12515743527,2024-01-19,151,1
12515743527,2024-01-20,86,1
12515743527,2024-01-21,64,1
12515743527,2024-01-22,87,1
12515743527,2024-01-23,43,1
12515743527,2024-01-24,105,1
12515743527,2024-01-25,18,1
12515743527,2024-01-26,40,1
12515743527,2024-01-27,128,1
12515743527,2024-01-28,126,1
12652969449,2024-01-01,0,1
12652969449,2024-01-02,58,1
12652969449,2024-01-03,7,1
12652969449,2024-01-04,94,1
12652969449,2024-01-05,113,1
12652969449,2024-01-06,72,1
12652969449,2024-01-07,0,1
12652969449,2024-01-08,274,1
12652969449,2024-01-09,63,1
12652969449,2024-01-10,80,1
12652969449,2024-01-11,86,1
12652969449,2024-01-12,111,1
12652969449,2024-01-13,5,0
12652969449,2024-01-14,20,0
12652969449,2024-01-15,30,0
12652969449,2024-01-16,156,1
12652969449,2024-01-17,89,1
12652969449,2024-01-18,51,1
12652969449,2024-01-19,24,0
12652969449,2024-01-20,109,1
12652969449,2024-01-21,32,1
12652969449,2024-01-22,61,1
12652969449,2024-01-23,56,0
12652969449,2024-01-24,4,0
12652969449,2024-01-25,71,1
12652969449,2024-01-26,51,1
12652969449,2024-01-27,35,1
12652969449,2024-01-28,88,1
12831831035,2024-01-01,28,0
12831831035,2024-01-02,153,1
12831831035,2024-01-03,130,1
12831831035,2024-01-04,75,1
12831831035,2024-01-05,23,0
12831831035,2024-01-06,44,1
12831831035,2024-01-07,60,1
12831831035,2024-01-08,170,0
12831831035,2024-01-09,64,1
12831831035,2024-01-10,82,1
12831831035,2024-01-11,44,1
12831831035,2024-01-12,7,0
12831831035,2024-01-13,49,1
12831831035,2024-01-14,69,1
12831831035,2024-01-15,36,0
12831831035,2024-01-16,79,1
12831831035,2024-01-17,69,1
12831831035,2024-01-18,52,1
12831831035,2024-01-19,3,0
12831831035,2024-01-20,62,1
12831831035,2024-01-21,16,0
12831831035,2024-01-22,259,1
12831831035,2024-01-23,36,1
12831831035,2024-01-24,68,1
12831831035,2024-01-25,37,1
12831831035,2024-01-26,61,1
12831831035,2024-01-27,269,1
12831831035,2024-01-28,46,0
19049416812,2024-01-01,19,1
19049416812,2024-01-02,21,1
19049416812,2024-01-03,57,1
19049416812,2024-01-04,10,1
19049416812,2024-01-05,18,1
19049416812,2024-01-06,23,1
19049416812,2024-01-07,21,1
19049416812,2024-01-08,15,1
19049416812,2024-01-09,19,1
19049416812,2024-01-10,25,1
19049416812,2024-01-11,25,1
19049416812,2024-01-12,5,0
19049416812,2024-01-13,23,1
19049416812,2024-01-14,20,1
19049416812,2024-01-15,21,1
19049416812,2024-01-16,24,1
19049416812,2024-01-17,14,1
19049416812,2024-01-18,18,1
19049416812,2024-01-19,22,1
19049416812,2024-01-20,21,1
19049416812,2024-01-21,11,1
19049416812,2024-01-22,49,1
19049416812,2024-01-23,15,1
19049416812,2024-01-24,26,1
19049416812,2024-01-25,18,1
19049416812,2024-01-26,25,1
19049416812,2024-01-27,3,0
19049416812,2024-01-28,23,1
19049417998,2024-01-01,116,1
19049417998,2024-01-02,55,1
19049417998,2024-01-03,87,1
19049417998,2024-01-04,82,1
19049417998,2024-01-05,88,1
19049417998,2024-01-06,10,0
19049417998,2024-01-07,47,1
19049417998,2024-01-08,83,1
19049417998,2024-01-09,41,0
19049417998,2024-01-10,90,1
19049417998,2024-01-11,83,1
19049417998,2024-01-12,20,1
19049417998,2024-01-13,71,1
19049417998,2024-01-14,98,1
19049417998,2024-01-15,70,1
19049417998,2024-01-16,57,1
19049417998,2024-01-17,94,1
19049417998,2024-01-18,78,1
19049417998,2024-01-19,98,1
19049417998,2024-01-20,71,1
19049417998,2024-01-21,103,1
19049417998,2024-01-22,85,1
19049417998,2024-01-23,85,1
19049417998,2024-01-24,2,0
19049417998,2024-01-25,10,0
19049417998,2024-01-26,121,1
19049417998,2024-01-27,93,1
19049417998,2024-01-28,84,1
19049425465,2024-01-01,53,1
19049425465,2024-01-02,46,1
19049425465,2024-01-03,62,1
19049425465,2024-01-04,59,1
19049425465,2024-01-05,49,1
19049425465,2024-01-06,62,1
19049425465,2024-01-07,44,1
19049425465,2024-01-08,53,1
19049425465,2024-01-09,61,1
19049425465,2024-01-10,61,1
19049425465,2024-01-11,49,1
19049425465,2024-01-12,51,1
19049425465,2024-01-13,53,1
19049425465,2024-01-14,63,1
19049425465,2024-01-15,54,1
19049425465,2024-01-16,55,1
19049425465,2024-01-17,57,1
19049425465,2024-01-18,21,0
19049425465,2024-01-19,55,1
19049425465,2024-01-20,10,0
19049425465,2024-01-21,22,0
19049425465,2024-01-22,88,1
19049425465,2024-01-23,63,1
19049425465,2024-01-24,47,1
19049425465,2024-01-25,54,1
19049425465,2024-01-26,57,1
19049425465,2024-01-27,11,0
19049425465,2024-01-28,53,1
19287500483,2024-01-01,8,1
19287500483,2024-01-02,6,1
19287500483,2024-01-03,7,1
19287500483,2024-01-04,6,1
19287500483,2024-01-05,6,1
19287500483,2024-01-06,6,1
19287500483,2024-01-07,6,1
19287500483,2024-01-08,0,0
19287500483,2024-01-09,6,1
19287500483,2024-01-10,7,1
19287500483,2024-01-11,3,0
19287500483,2024-01-12,1,0
19287500483,2024-01-13,1,0
19287500483,2024-01-14,7,1
19287500483,2024-01-15,7,1
19287500483,2024-01-16,7,1
19287500483,2024-01-17,3,0
19287500483,2024-01-18,6,1
19287500483,2024-01-19,7,1
19287500483,2024-01-20,2,0
19287500483,2024-01-21,6,1
19287500483,2024-01-22,6,1
19287500483,2024-01-23,7,1
19287500483,2024-01-24,6,1
19287500483,2024-01-25,7,1
19287500483,2024-01-26,7,1
19287500483,2024-01-27,8,1
19287500483,2024-01-28,1,0
19287671144,2024-01-01,29,1
19287671144,2024-01-02,3,1
19287671144,2024-01-03,5,0
19287671144,2024-01-04,18,1
19287671144,2024-01-05,10,1
19287671144,2024-01-06,7,1
19287671144,2024-01-07,8,1
19287671144,2024-01-08,7,1
19287671144,2024-01-09,1,0
19287671144,2024-01-10,1,0
19287671144,2024-01-11,8,1
19287671144,2024-01-12,4,1
19287671144,2024-01-13,3,0
19287671144,2024-01-14,7,1
19287671144,2024-01-15,8,1
19287671144,2024-01-16,7,1
19287671144,2024-01-17,7,1
19287671144,2024-01-18,8,1
19287671144,2024-01-19,2,1
19287671144,2024-01-20,5,1
19287671144,2024-01-21,6,0
19287671144,2024-01-22,7,1
19287671144,2024-01-23,4,1
19287671144,2024-01-24,6,1
19287671144,2024-01-25,9,1
19287671144,2024-01-26,5,1
19287671144,2024-01-27,5,1
19287671144,2024-01-28,8,1
19287671742,2024-01-01,90,1
19287671742,2024-01-02,64,1
19287671742,2024-01-03,105,0
19287671742,2024-01-04,24,0
19287671742,2024-01-05,83,1
19287671742,2024-01-06,98,1
19287671742,2024-01-07,79,1
19287671742,2024-01-08,73,1
19287671742,2024-01-09,136,1
19287671742,2024-01-10,84,1
19287671742,2024-01-11,78,1
19287671742,2024-01-12,74,1
19287671742,2024-01-13,80,1
19287671742,2024-01-14,77,1
19287671742,2024-01-15,81,1
19287671742,2024-01-16,86,1
19287671742,2024-01-17,102,1
19287671742,2024-01-18,82,1
19287671742,2024-01-19,85,1
19287671742,2024-01-20,74,1
19287671742,2024-01-21,62,1
19287671742,2024-01-22,25,0
19287671742,2024-01-23,71,1
19287671742,2024-01-24,273,1
19287671742,2024-01-25,92,1
19287671742,2024-01-26,75,1
19287671742,2024-01-27,224,1
19287671742,2024-01-28,95,1
19287675501,2024-01-01,39,1
19287675501,2024-01-02,36,1
19287675501,2024-01-03,37,1
19287675501,2024-01-04,37,1
19287675501,2024-01-05,7,0
19287675501,2024-01-06,13,0
19287675501,2024-01-07,37,1
19287675501,2024-01-08,40,1
19287675501,2024-01-09,36,1
19287675501,2024-01-10,40,1
19287675501,2024-01-11,2,0
19287675501,2024-01-12,43,1
19287675501,2024-01-13,13,0
19287675501,2024-01-14,1,0
19287675501,2024-01-15,4,0
19287675501,2024-01-16,14,0
19287675501,2024-01-17,35,1
19287675501,2024-01-18,38,1
19287675501,2024-01-19,2,0
19287675501,2024-01-20,43,1
19287675501,2024-01-21,35,1
19287675501,2024-01-22,38,1
19287675501,2024-01-23,8,0
19287675501,2024-01-24,33,1
19287675501,2024-01-25,50,1
19287675501,2024-01-26,36,1
19287675501,2024-01-27,43,1
19287675501,2024-01-28,35,1
19287675505,2024-01-01,20,1
19287675505,2024-01-02,15,0
19287675505,2024-01-03,9,1
19287675505,2024-01-04,39,1
19287675505,2024-01-05,37,1
19287675505,2024-01-06,2,1
19287675505,2024-01-07,37,1
19287675505,2024-01-08,25,1
19287675505,2024-01-09,51,1
19287675505,2024-01-10,32,1
19287675505,2024-01-11,36,1
19287675505,2024-01-12,35,1
19287675505,2024-01-13,11,0
19287675505,2024-01-14,14,1
19287675505,2024-01-15,11,1
19287675505,2024-01-16,44,1
19287675505,2024-01-17,0,0
19287675505,2024-01-18,40,1
19287675505,2024-01-19,36,1
19287675505,2024-01-20,48,0
19287675505,2024-01-21,22,1
19287675505,2024-01-22,40,1
19287675505,2024-01-23,8,1
19287675505,2024-01-24,20,0
19287675505,2024-01-25,48,1
19287675505,2024-01-26,22,1
19287675505,2024-01-27,73,1
19287675505,2024-01-28,9,1
19866286465,2024-01-01,7,1
19866286465,2024-01-02,5,1
19866286465,2024-01-03,3,0
19866286465,2024-01-04,8,1
19866286465,2024-01-05,9,1
19866286465,2024-01-06,6,1
19866286465,2024-01-07,10,1
19866286465,2024-01-08,7,1
19866286465,2024-01-09,0,0
19866286465,2024-01-10,7,1
19866286465,2024-01-11,8,1
19866286465,2024-01-12,3,0
19866286465,2024-01-13,7,1
19866286465,2024-01-14,2,0
19866286465,2024-01-15,6,1
19866286465,2024-01-16,9,1
19866286465,2024-01-17,4,0
19866286465,2024-01-18,7,1
19866286465,2024-01-19,6,1
19866286465,2024-01-20,7,1
19866286465,2024-01-21,6,1
19866286465,2024-01-22,13,1
19866286465,2024-01-23,6,1
19866286465,2024-01-24,7,1
19866286465,2024-01-25,4,1
19866286465,2024-01-26,6,1
19866286465,2024-01-27,4,0
19866286465,2024-01-28,9,1
19880684213,2024-01-01,254,1
19880684213,2024-01-02,2,0
19880684213,2024-01-03,38,0
19880684213,2024-01-04,86,1
19880684213,2024-01-05,73,1
19880684213,2024-01-06,24,0
19880684213,2024-01-07,65,1
19880684213,2024-01-08,65,1
19880684213,2024-01-09,187,1
19880684213,2024-01-10,57,1
19880684213,2024-01-11,67,1
19880684213,2024-01-12,79,1
19880684213,2024-01-13,73,1
19880684213,2024-01-14,81,0
19880684213,2024-01-15,73,1
19880684213,2024-01-16,70,1
19880684213,2024-01-17,16,0
19880684213,2024-01-18,75,1
19880684213,2024-01-19,1,0
19880684213,2024-01-20,244,1
19880684213,2024-01-21,77,1
19880684213,2024-01-22,69,1
19880684213,2024-01-23,58,1
19880684213,2024-01-24,73,1
19880684213,2024-01-25,70,1
19880684213,2024-01-26,83,1
19880684213,2024-01-27,142,1
19880684213,2024-01-28,94,1
19880690067,2024-01-01,15,1
19880690067,2024-01-02,21,1
19880690067,2024-01-03,19,1
19880690067,2024-01-04,11,0
19880690067,2024-01-05,11,0
19880690067,2024-01-06,22,1
19880690067,2024-01-07,28,1
19880690067,2024-01-08,26,1
19880690067,2024-01-09,6,0
19880690067,2024-01-10,23,1
19880690067,2024-01-11,23,1
19880690067,2024-01-12,19,1
19880690067,2024-01-13,27,1
19880690067,2024-01-14,20,1
19880690067,2024-01-15,40,1
19880690067,2024-01-16,18,1
19880690067,2024-01-17,22,1
19880690067,2024-01-18,34,0
19880690067,2024-01-19,25,1
19880690067,2024-01-20,1,0
19880690067,2024-01-21,20,1
19880690067,2024-01-22,4,0
19880690067,2024-01-23,19,1
19880690067,2024-01-24,63,1
19880690067,2024-01-25,25,1
19880690067,2024-01-26,0,0
19880690067,2024-01-27,19,1
19880690067,2024-01-28,25,1
19880692731,2024-01-01,183,1
19880692731,2024-01-02,95,1
19880692731,2024-01-03,17,0
19880692731,2024-01-04,63,1
19880692731,2024-01-05,18,0
19880692731,2024-01-06,133,1
19880692731,2024-01-07,97,1
19880692731,2024-01-08,96,1
19880692731,2024-01-09,62,1
19880692731,2024-01-10,85,1
19880692731,2024-01-11,209,1
19880692731,2024-01-12,70,0
19880692731,2024-01-13,120,1
19880692731,2024-01-14,168,1
19880692731,2024-01-15,115,1
19880692731,2024-01-16,12,0
19880692731,2024-01-17,80,1
19880692731,2024-01-18,119,1
19880692731,2024-01-19,23,0
19880692731,2024-01-20,54,1
19880692731,2024-01-21,94,1
19880692731,2024-01-22,73,1
19880692731,2024-01-23,27,1
19880692731,2024-01-24,0,0
19880692731,2024-01-25,89,1
19880692731,2024-01-26,77,1
19880692731,2024-01-27,0,1
19880692731,2024-01-28,0,0
19937017395,2024-01-01,51,1
19937017395,2024-01-02,74,1
19937017395,2024-01-03,1,0
19937017395,2024-01-04,4,0
19937017395,2024-01-05,19,0
19937017395,2024-01-06,96,1
19937017395,2024-01-07,109,1
19937017395,2024-01-08,130,1
19937017395,2024-01-09,265,1
19937017395,2024-01-10,5,0
19937017395,2024-01-11,77,1
19937017395,2024-01-12,135,1
19937017395,2024-01-13,73,1
19937017395,2024-01-14,91,1
19937017395,2024-01-15,80,1
19937017395,2024-01-16,75,1
19937017395,2024-01-17,76,1
19937017395,2024-01-18,55,1
19937017395,2024-01-19,90,1
19937017395,2024-01-20,98,1
19937017395,2024-01-21,98,1
19937017395,2024-01-22,57,0
19937017395,2024-01-23,61,1
19937017395,2024-01-24,86,1
19937017395,2024-01-25,108,1
19937017395,2024-01-26,87,1
19937017395,2024-01-27,94,1
19937017395,2024-01-28,264,1
19937017672,2024-01-01,6,1
19937017672,2024-01-02,6,1
19937017672,2024-01-03,3,0
19937017672,2024-01-04,6,1
19937017672,2024-01-05,7,1
19937017672,2024-01-06,0,0
19937017672,2024-01-07,5,1
19937017672,2024-01-08,3,0
19937017672,2024-01-09,2,0
19937017672,2024-01-10,4,0
19937017672,2024-01-11,7,1
19937017672,2024-01-12,2,0
19937017672,2024-01-13,6,1
19937017672,2024-01-14,7,1
19937017672,2024-01-15,0,0
19937017672,2024-01-16,5,1
19937017672,2024-01-17,5,1
19937017672,2024-01-18,7,1
19937017672,2024-01-19,6,1
19937017672,2024-01-20,1,0
19937017672,2024-01-21,7,1
19937017672,2024-01-22,5,1
19937017672,2024-01-23,8,1
19937017672,2024-01-24,5,1
19937017672,2024-01-25,5,1
19937017672,2024-01-26,7,1
19937017672,2024-01-27,6,1
19937017672,2024-01-28,7,1
20904946302,2024-01-01,104,1
20904946302,2024-01-02,23,0
20904946302,2024-01-03,78,1
20904946302,2024-01-04,59,1
20904946302,2024-01-05,79,1
20904946302,2024-01-06,30,0
20904946302,2024-01-07,60,1
20904946302,2024-01-08,2,0
20904946302,2024-01-09,214,1
20904946302,2024-01-10,51,0
20904946302,2024-01-11,87,0
20904946302,2024-01-12,245,1
20904946302,2024-01-13,122,1
20904946302,2024-01-14,92,1
20904946302,2024-01-15,53,1
20904946302,2024-01-16,295,1
20904946302,2024-01-17,96,1
20904946302,2024-01-18,43,0
20904946302,2024-01-19,73,1
20904946302,2024-01-20,377,1
20904946302,2024-01-21,82,1
20904946302,2024-01-22,123,1
20904946302,2024-01-23,287,1
20904946302,2024-01-24,79,1
20904946302,2024-01-25,69,1
20904946302,2024-01-26,8,0
20904946302,2024-01-27,54,1
20904946302,2024-01-28,74,1
20904949902,2024-01-01,74,1
20904949902,2024-01-02,72,1
20904949902,2024-01-03,69,1
20904949902,2024-01-04,67,1
20904949902,2024-01-05,76,1
20904949902,2024-01-06,79,1
20904949902,2024-01-07,76,1
20904949902,2024-01-08,57,1
20904949902,2024-01-09,26,0
20904949902,2024-01-10,77,1
20904949902,2024-01-11,2,0
20904949902,2024-01-12,65,1
20904949902,2024-01-13,72,1
20904949902,2024-01-14,83,1
20904949902,2024-01-15,87,1
20904949902,2024-01-16,68,1
20904949902,2024-01-17,65,1
20904949902,2024-01-18,37,0
20904949902,2024-01-19,72,1
20904949902,2024-01-20,79,1
20904949902,2024-01-21,97,1
20904949902,2024-01-22,79,1
20904949902,2024-01-23,59,1
20904949902,2024-01-24,81,1
20904949902,2024-01-25,68,1
20904949902,2024-01-26,53,1
20904949902,2024-01-27,72,1
20904949902,2024-01-28,65,1
20904969616,2024-01-01,85,1
20904969616,2024-01-02,78,1
20904969616,2024-01-03,156,1
20904969616,2024-01-04,93,1
20904969616,2024-01-05,124,1
20904969616,2024-01-06,23,1
20904969616,2024-01-07,101,1
20904969616,2024-01-08,36,1
20904969616,2024-01-09,69,1
20904969616,2024-01-10,100,1
20904969616,2024-01-11,84,1
20904969616,2024-01-12,354,1
20904969616,2024-01-13,101,1
20904969616,2024-01-14,185,1
20904969616,2024-01-15,95,1
20904969616,2024-01-16,262,1
20904969616,2024-01-17,4,0
20904969616,2024-01-18,89,1
20904969616,2024-01-19,159,1
20904969616,2024-01-20,136,1
20904969616,2024-01-21,122,1
20904969616,2024-01-22,16,0
20904969616,2024-01-23,124,1
20904969616,2024-01-24,0,1
20904969616,2024-01-25,18,1
20904969616,2024-01-26,66,0
20904969616,2024-01-27,51,1
20904969616,2024-01-28,279,1
20905277004,2024-01-01,149,1
20905277004,2024-01-02,50,1
20905277004,2024-01-03,26,0
20905277004,2024-01-04,48,1
20905277004,2024-01-05,49,1
20905277004,2024-01-06,16,0
20905277004,2024-01-07,51,1
20905277004,2024-01-08,48,1
20905277004,2024-01-09,50,1
20905277004,2024-01-10,50,1
20905277004,2024-01-11,50,1
20905277004,2024-01-12,49,1
20905277004,2024-01-13,49,1
20905277004,2024-01-14,48,1
20905277004,2024-01-15,50,1
20905277004,2024-01-16,49,1
20905277004,2024-01-17,47,1
20905277004,2024-01-18,50,1
20905277004,2024-01-19,2,0
20905277004,2024-01-20,50,1
20905277004,2024-01-21,48,1
20905277004,2024-01-22,49,1
20905277004,2024-01-23,48,1
20905277004,2024-01-24,49,1
20905277004,2024-01-25,48,1
20905277004,2024-01-26,49,1
20905277004,2024-01-27,50,1
20905277004,2024-01-28,50,1
21089949331,2024-01-01,51,1
21089949331,2024-01-02,99,1
21089949331,2024-01-03,109,1
21089949331,2024-01-04,101,1
21089949331,2024-01-05,104,1
21089949331,2024-01-06,96,1
21089949331,2024-01-07,91,1
21089949331,2024-01-08,1,0
21089949331,2024-01-09,62,1
21089949331,2024-01-10,21,1
21089949331,2024-01-11,39,0
21089949331,2024-01-12,230,1
21089949331,2024-01-13,319,1
21089949331,2024-01-14,69,1
21089949331,2024-01-15,50,1
21089949331,2024-01-16,56,1
21089949331,2024-01-17,147,1
21089949331,2024-01-18,88,1
21089949331,2024-01-19,194,1
21089949331,2024-01-20,134,1
21089949331,2024-01-21,97,1
21089949331,2024-01-22,94,1
21089949331,2024-01-23,34,1
21089949331,2024-01-24,93,1
21089949331,2024-01-25,120,1
21089949331,2024-01-26,45,0
21089949331,2024-01-27,104,1
21089949331,2024-01-28,134,1
21217353594,2024-01-01,38,1
21217353594,2024-01-02,38,1
21217353594,2024-01-03,22,1
21217353594,2024-01-04,9,0
21217353594,2024-01-05,21,1
21217353594,2024-01-06,58,1
21217353594,2024-01-07,29,1
21217353594,2024-01-08,49,1
21217353594,2024-01-09,49,1
21217353594,2024-01-10,9,1
21217353594,2024-01-11,21,0
21217353594,2024-01-12,2,0
21217353594,2024-01-13,53,1
21217353594,2024-01-14,2,0
21217353594,2024-01-15,70,1
21217353594,2024-01-16,56,1
21217353594,2024-01-17,66,1
21217353594,2024-01-18,63,1
21217353594,2024-01-19,45,1
21217353594,2024-01-20,39,1
21217353594,2024-01-21,34,1
21217353594,2024-01-22,54,1
21217353594,2024-01-23,47,1
21217353594,2024-01-24,33,1
21217353594,2024-01-25,40,1
21217353594,2024-01-26,7,0
21217353594,2024-01-27,33,1
21217353594,2024-01-28,24,1
21314644743,2024-01-01,105,1
21314644743,2024-01-02,2,0
21314644743,2024-01-03,94,1
21314644743,2024-01-04,80,1
21314644743,2024-01-05,92,1
21314644743,2024-01-06,18,1
21314644743,2024-01-07,10,0
21314644743,2024-01-08,29,0
21314644743,2024-01-09,31,0
21314644743,2024-01-10,55,1
21314644743,2024-01-11,66,1
21314644743,2024-01-12,31,1
21314644743,2024-01-13,87,1
21314644743,2024-01-14,96,1
21314644743,2024-01-15,65,1
21314644743,2024-01-16,41,1
21314644743,2024-01-17,57,1
21314644743,2024-01-18,83,1
21314644743,2024-01-19,48,1
21314644743,2024-01-20,71,1
21314644743,2024-01-21,15,1
21314644743,2024-01-22,45,1
21314644743,2024-01-23,61,1
21314644743,2024-01-24,78,1
21314644743,2024-01-25,73,1
21314644743,2024-01-26,66,1
21314644743,2024-01-27,48,1
21314644743,2024-01-28,90,1
23201930465,2024-01-01,91,1
23201930465,2024-01-02,55,1
23201930465,2024-01-03,110,1
23201930465,2024-01-04,34,0
23201930465,2024-01-05,86,1
23201930465,2024-01-06,53,1
23201930465,2024-01-07,93,1
23201930465,2024-01-08,16,0
23201930465,2024-01-09,116,1
23201930465,2024-01-10,62,1
23201930465,2024-01-11,125,1
23201930465,2024-01-12,55,1
23201930465,2024-01-13,88,1
23201930465,2024-01-14,61,1
23201930465,2024-01-15,14,0
23201930465,2024-01-16,18,0
23201930465,2024-01-17,116,1
23201930465,2024-01-18,93,1
23201930465,2024-01-19,75,1
23201930465,2024-01-20,98,1
23201930465,2024-01-21,89,1
23201930465,2024-01-22,30,0
23201930465,2024-01-23,53,1
23201930465,2024-01-24,51,1
23201930465,2024-01-25,69,1
23201930465,2024-01-26,95,1
23201930465,2024-01-27,107,1
23201930465,2024-01-28,108,1
23743113947,2024-01-01,41,1
23743113947,2024-01-02,41,1
23743113947,2024-01-03,53,1
23743113947,2024-01-04,70,1
23743113947,2024-01-05,48,1
23743113947,2024-01-06,66,0
23743113947,2024-01-07,9,0
23743113947,2024-01-08,46,1
23743113947,2024-01-09,63,1
23743113947,2024-01-10,80,1
23743113947,2024-01-11,23,1
23743113947,2024-01-12,25,1
23743113947,2024-01-13,36,1
23743113947,2024-01-14,48,1
23743113947,2024-01-15,31,1
23743113947,2024-01-16,35,1
23743113947,2024-01-17,54,1
23743113947,2024-01-18,35,1
23743113947,2024-01-19,33,1
23743113947,2024-01-20,39,1
23743113947,2024-01-21,13,0
23743113947,2024-01-22,67,1
23743113947,2024-01-23,26,0
23743113947,2024-01-24,8,0
23743113947,2024-01-25,41,1
23743113947,2024-01-26,66,1
23743113947,2024-01-27,221,1
23743113947,2024-01-28,13,0
23835599342,2024-01-01,22,0
23835599342,2024-01-02,16,1
23835599342,2024-01-03,2,0
23835599342,2024-01-04,18,1
23835599342,2024-01-05,1,0
23835599342,2024-01-06,23,1
23835599342,2024-01-07,18,1
23835599342,2024-01-08,21,1
23835599342,2024-01-09,16,0
23835599342,2024-01-10,17,1
23835599342,2024-01-11,23,1
23835599342,2024-01-12,22,1
23835599342,2024-01-13,21,1
23835599342,2024-01-14,18,1
23835599342,2024-01-15,26,1
23835599342,2024-01-16,18,1
23835599342,2024-01-17,10,0
23835599342,2024-01-18,17,1
23835599342,2024-01-19,16,1
23835599342,2024-01-20,75,1
23835599342,2024-01-21,7,0
23835599342,2024-01-22,20,1
23835599342,2024-01-23,72,1
23835599342,2024-01-24,23,1
23835599342,2024-01-25,22,1
23835599342,2024-01-26,4,0
23835599342,2024-01-27,18,1
23835599342,2024-01-28,20,1
25208267064,2024-01-01,56,1
25208267064,2024-01-02,49,1
25208267064,2024-01-03,24,0
25208267064,2024-01-04,220,1
25208267064,2024-01-05,57,1
25208267064,2024-01-06,48,1
25208267064,2024-01-07,58,1
25208267064,2024-01-08,49,1
25208267064,2024-01-09,19,0
25208267064,2024-01-10,50,1
25208267064,2024-01-11,55,1
25208267064,2024-01-12,162,1
25208267064,2024-01-13,54,1
25208267064,2024-01-14,48,1
25208267064,2024-01-15,49,1
25208267064,2024-01-16,51,1
25208267064,2024-01-17,60,1
25208267064,2024-01-18,51,1
25208267064,2024-01-19,45,1
25208267064,2024-01-20,56,1
25208267064,2024-01-21,64,1
25208267064,2024-01-22,59,1
25208267064,2024-01-23,50,1
25208267064,2024-01-24,55,1
25208267064,2024-01-25,51,1
25208267064,2024-01-26,53,1
25208267064,2024-01-27,49,1
25208267064,2024-01-28,110,1
25291161562,2024-01-01,28,1
25291161562,2024-01-02,30,1
25291161562,2024-01-03,8,0
25291161562,2024-01-04,24,1
25291161562,2024-01-05,15,0
25291161562,2024-01-06,26,1
25291161562,2024-01-07,28,1
25291161562,2024-01-08,16,0
25291161562,2024-01-09,28,1
25291161562,2024-01-10,26,1
25291161562,2024-01-11,31,1
25291161562,2024-01-12,34,1
25291161562,2024-01-13,29,1
25291161562,2024-01-14,62,1
25291161562,2024-01-15,27,1
25291161562,2024-01-16,10,0
25291161562,2024-01-17,13,0
25291161562,2024-01-18,26,1
25291161562,2024-01-19,24,1
25291161562,2024-01-20,40,0
25291161562,2024-01-21,28,1
25291161562,2024-01-22,26,1
25291161562,2024-01-23,16,0
25291161562,2024-01-24,24,1
25291161562,2024-01-25,23,1
25291161562,2024-01-26,12,0
25291161562,2024-01-27,29,1
25291161562,2024-01-28,24,1
25291162386,2024-01-01,15,0
25291162386,2024-01-02,46,1
25291162386,2024-01-03,93,1
25291162386,2024-01-04,104,1
25291162386,2024-01-05,51,1
25291162386,2024-01-06,9,0
25291162386,2024-01-07,66,1
25291162386,2024-01-08,1,1
25291162386,2024-01-09,48,1
25291162386,2024-01-10,32,1
25291162386,2024-01-11,55,1
25291162386,2024-01-12,3,0
25291162386,2024-01-13,63,1
25291162386,2024-01-14,73,1
25291162386,2024-01-15,33,0
25291162386,2024-01-16,44,1
25291162386,2024-01-17,59,1
25291162386,2024-01-18,19,1
25291162386,2024-01-19,41,0
25291162386,2024-01-20,40,0
25291162386,2024-01-21,50,1
25291162386,2024-01-22,53,0
25291162386,2024-01-23,25,0
25291162386,2024-01-24,33,1
25291162386,2024-01-25,91,1
25291162386,2024-01-26,65,1
25291162386,2024-01-27,25,1
25291162386,2024-01-28,8,1
25549704457,2024-01-01,153,1
25549704457,2024-01-02,49,1
25549704457,2024-01-03,67,1
25549704457,2024-01-04,424,1
25549704457,2024-01-05,33,1
25549704457,2024-01-06,23,0
25549704457,2024-01-07,43,1
25549704457,2024-01-08,136,1
25549704457,2024-01-09,81,1
25549704457,2024-01-10,65,0
25549704457,2024-01-11,89,1
25549704457,2024-01-12,83,1
25549704457,2024-01-13,57,1
25549704457,2024-01-14,7,1
25549704457,2024-01-15,68,1
25549704457,2024-01-16,91,1
25549704457,2024-01-17,39,1
25549704457,2024-01-18,106,1
25549704457,2024-01-19,68,1
25549704457,2024-01-20,85,1
25549704457,2024-01-21,72,1
25549704457,2024-01-22,114,1
25549704457,2024-01-23,110,1
25549704457,2024-01-24,15,1
25549704457,2024-01-25,56,1
25549704457,2024-01-26,139,1
25549704457,2024-01-27,40,1
25549704457,2024-01-28,4,0
27813757691,2024-01-01,93,1
27813757691,2024-01-02,132,1
27813757691,2024-01-03,86,1
27813757691,2024-01-04,386,1
27813757691,2024-01-05,257,1
27813757691,2024-01-06,98,1
27813757691,2024-01-07,9,0
27813757691,2024-01-08,96,1
27813757691,2024-01-09,83,1
27813757691,2024-01-10,64,1
27813757691,2024-01-11,51,1
27813757691,2024-01-12,124,1
27813757691,2024-01-13,66,1
27813757691,2024-01-14,15,0
27813757691,2024-01-15,106,1
27813757691,2024-01-16,78,1
27813757691,2024-01-17,104,1
27813757691,2024-01-18,69,1
27813757691,2024-01-19,84,1
27813757691,2024-01-20,79,1
27813757691,2024-01-21,116,1
27813757691,2024-01-22,451,1
27813757691,2024-01-23,134,1
27813757691,2024-01-24,87,1
27813757691,2024-01-25,108,1
27813757691,2024-01-26,11,0
27813757691,2024-01-27,102,1
27813757691,2024-01-28,34,0
28146129161,2024-01-01,34,1
28146129161,2024-01-02,33,1
28146129161,2024-01-03,35,1
28146129161,2024-01-04,33,1
28146129161,2024-01-05,34,1
28146129161,2024-01-06,34,1
28146129161,2024-01-07,36,1
28146129161,2024-01-08,10,0
28146129161,2024-01-09,33,1
28146129161,2024-01-10,34,1
28146129161,2024-01-11,32,1
28146129161,2024-01-12,3,0
28146129161,2024-01-13,34,1
28146129161,2024-01-14,11,0
28146129161,2024-01-15,79,1
28146129161,2024-01-16,34,1
28146129161,2024-01-17,32,1
28146129161,2024-01-18,13,0
28146129161,2024-01-19,16,0
28146129161,2024-01-20,37,1
28146129161,2024-01-21,14,0
28146129161,2024-01-22,35,1
28146129161,2024-01-23,34,1
28146129161,2024-01-24,34,1
28146129161,2024-01-25,16,0
28146129161,2024-01-26,34,1
28146129161,2024-01-27,34,1
28146129161,2024-01-28,34,1
32245274776,2024-01-01,28,1
32245274776,2024-01-02,21,1
32245274776,2024-01-03,14,1
32245274776,2024-01-04,1,0
32245274776,2024-01-05,11,1
32245274776,2024-01-06,29,1
32245274776,2024-01-07,16,1
32245274776,2024-01-08,14,0
32245274776,2024-01-09,14,0
32245274776,2024-01-10,0,1
32245274776,2024-01-11,37,1
32245274776,2024-01-12,38,1
32245274776,2024-01-13,10,1
32245274776,2024-01-14,39,1
32245274776,2024-01-15,16,0
32245274776,2024-01-16,15,1
32245274776,2024-01-17,0,1
32245274776,2024-01-18,39,1
32245274776,2024-01-19,18,1
32245274776,2024-01-20,35,1
32245274776,2024-01-21,52,1
32245274776,2024-01-22,21,1
32245274776,2024-01-23,9,1
32245274776,2024-01-24,49,1
32245274776,2024-01-25,19,1
32245274776,2024-01-26,16,1
32245274776,2024-01-27,19,1
32245274776,2024-01-28,13,1
34867074052,2024-01-01,32,1
34867074052,2024-01-02,259,1
34867074052,2024-01-03,70,1
34867074052,2024-01-04,8,0
34867074052,2024-01-05,37,0
34867074052,2024-01-06,43,1
34867074052,2024-01-07,64,1
34867074052,2024-01-08,15,1
34867074052,2024-01-09,64,1
34867074052,2024-01-10,16,0
34867074052,2024-01-11,11,0
34867074052,2024-01-12,67,1
34867074052,2024-01-13,21,0
34867074052,2024-01-14,60,1
34867074052,2024-01-15,7,0
34867074052,2024-01-16,69,1
34867074052,2024-01-17,55,1
34867074052,2024-01-18,53,1
34867074052,2024-01-19,49,1
34867074052,2024-01-20,40,1
34867074052,2024-01-21,60,1
34867074052,2024-01-22,65,1
34867074052,2024-01-23,56,1
34867074052,2024-01-24,76,1
34867074052,2024-01-25,40,1
34867074052,2024-01-26,49,1
34867074052,2024-01-27,58,1
34867074052,2024-01-28,48,0
34867225756,2024-01-01,99,1
34867225756,2024-01-02,169,1
34867225756,2024-01-03,95,1
34867225756,2024-01-04,86,1
34867225756,2024-01-05,109,1
34867225756,2024-01-06,30,0
34867225756,2024-01-07,80,1
34867225756,2024-01-08,107,1
34867225756,2024-01-09,108,1
34867225756,2024-01-10,109,1
34867225756,2024-01-11,14,0
34867225756,2024-01-12,122,1
34867225756,2024-01-13,115,1
34867225756,2024-01-14,18,0
34867225756,2024-01-15,94,1
34867225756,2024-01-16,100,1
34867225756,2024-01-17,50,0
34867225756,2024-01-18,98,1
34867225756,2024-01-19,97,1
34867225756,2024-01-20,95,1
34867225756,2024-01-21,151,1
34867225756,2024-01-22,113,1
34867225756,2024-01-23,77,1
34867225756,2024-01-24,100,1
34867225756,2024-01-25,90,1
34867225756,2024-01-26,4,0
34867225756,2024-01-27,111,1
34867225756,2024-01-28,112,1
36931232572,2024-01-01,76,1
36931232572,2024-01-02,86,1
36931232572,2024-01-03,56,0
36931232572,2024-01-04,79,1
36931232572,2024-01-05,151,1
36931232572,2024-01-06,73,1
36931232572,2024-01-07,86,1
36931232572,2024-01-08,89,1
36931232572,2024-01-09,71,1
36931232572,2024-01-10,165,1
36931232572,2024-01-11,62,1
36931232572,2024-01-12,378,1
36931232572,2024-01-13,135,1
36931232572,2024-01-14,134,1
36931232572,2024-01-15,51,1
36931232572,2024-01-16,98,1
36931232572,2024-01-17,4,0
36931232572,2024-01-18,34,0
36931232572,2024-01-19,36,0
36931232572,2024-01-20,93,1
36931232572,2024-01-21,110,1
36931232572,2024-01-22,118,1
36931232572,2024-01-23,54,0
36931232572,2024-01-24,33,1
36931232572,2024-01-25,100,1
36931232572,2024-01-26,136,1
36931232572,2024-01-27,57,1
36931232572,2024-01-28,89,1
36931270014,2024-01-01,26,1
36931270014,2024-01-02,25,1
36931270014,2024-01-03,32,1
36931270014,2024-01-04,4,1
36931270014,2024-01-05,11,1
36931270014,2024-01-06,19,1
36931270014,2024-01-07,10,0
36931270014,2024-01-08,3,0
36931270014,2024-01-09,24,1
36931270014,2024-01-10,22,1
36931270014,2024-01-11,5,1
36931270014,2024-01-12,8,1
36931270014,2024-01-13,0,0
36931270014,2024-01-14,22,1
36931270014,2024-01-15,23,1
36931270014,2024-01-16,28,1
36931270014,2024-01-17,18,1
36931270014,2024-01-18,10,1
36931270014,2024-01-19,2,1
36931270014,2024-01-20,18,1
36931270014,2024-01-21,24,1
36931270014,2024-01-22,77,1
36931270014,2024-01-23,13,0
36931270014,2024-01-24,21,1
36931270014,2024-01-25,92,0
36931270014,2024-01-26,27,1
36931270014,2024-01-27,18,1
36931270014,2024-01-28,17,1
37022652642,2024-01-01,150,1
37022652642,2024-01-02,24,0
37022652642,2024-01-03,51,1
37022652642,2024-01-04,33,0
37022652642,2024-01-05,47,1
37022652642,2024-01-06,51,1
37022652642,2024-01-07,48,1
37022652642,2024-01-08,47,1
37022652642,2024-01-09,51,1
37022652642,2024-01-10,24,0
37022652642,2024-01-11,56,1
37022652642,2024-01-12,11,0
37022652642,2024-01-13,48,1
37022652642,2024-01-14,45,1
37022652642,2024-01-15,46,1
37022652642,2024-01-16,47,1
37022652642,2024-01-17,30,0
37022652642,2024-01-18,25,0
37022652642,2024-01-19,136,1
37022652642,2024-01-20,46,1
37022652642,2024-01-21,51,1
37022652642,2024-01-22,53,1
37022652642,2024-01-23,43,1
37022652642,2024-01-24,46,1
37022652642,2024-01-25,51,1
37022652642,2024-01-26,49,1
37022652642,2024-01-27,51,1
37022652642,2024-01-28,49,1
37419019604,2024-01-01,27,1
37419019604,2024-01-02,19,1
37419019604,2024-01-03,26,1
37419019604,2024-01-04,34,1
37419019604,2024-01-05,33,1
37419019604,2024-01-06,1,0
37419019604,2024-01-07,33,1
37419019604,2024-01-08,26,1
37419019604,2024-01-09,17,1
37419019604,2024-01-10,25,1
37419019604,2024-01-11,96,1
37419019604,2024-01-12,28,1
37419019604,2024-01-13,1,0
37419019604,2024-01-14,12,1
37419019604,2024-01-15,30,1
37419019604,2024-01-16,31,1
37419019604,2024-01-17,17,1
37419019604,2024-01-18,20,1
37419019604,2024-01-19,54,1
37419019604,2024-01-20,9,0
37419019604,2024-01-21,82,1
37419019604,2024-01-22,30,1
37419019604,2024-01-23,10,0
37419019604,2024-01-24,54,1
37419019604,2024-01-25,17,1
37419019604,2024-01-26,25,1
37419019604,2024-01-27,2,0
37419019604,2024-01-28,27,1
38726145309,2024-01-01,55,1
38726145309,2024-01-02,107,1
38726145309,2024-01-03,61,1
38726145309,2024-01-04,89,1
38726145309,2024-01-05,67,1
38726145309,2024-01-06,70,1
38726145309,2024-01-07,74,1
38726145309,2024-01-08,8,0
38726145309,2024-01-09,69,1
38726145309,2024-01-10,81,1
38726145309,2024-01-11,15,0
38726145309,2024-01-12,58,1
38726145309,2024-01-13,96,1
38726145309,2024-01-14,81,1
38726145309,2024-01-15,60,1
38726145309,2024-01-16,71,1
38726145309,2024-01-17,31,0
38726145309,2024-01-18,130,1
38726145309,2024-01-19,63,1
38726145309,2024-01-20,69,1
38726145309,2024-01-21,94,1
38726145309,2024-01-22,91,1
38726145309,2024-01-23,191,1
38726145309,2024-01-24,60,1
38726145309,2024-01-25,87,1
38726145309,2024-01-26,2,0
38726145309,2024-01-27,99,1
38726145309,2024-01-28,94,1
44258768705,2024-01-01,92,1
44258768705,2024-01-02,95,1
44258768705,2024-01-03,87,1
44258768705,2024-01-04,120,1
44258768705,2024-01-05,24,0
44258768705,2024-01-06,363,1
44258768705,2024-01-07,97,1
44258768705,2024-01-08,97,1
44258768705,2024-01-09,90,1
44258768705,2024-01-10,7,0
44258768705,2024-01-11,91,1
44258768705,2024-01-12,88,1
44258768705,2024-01-13,92,1
44258768705,2024-01-14,86,1
44258768705,2024-01-15,98,1
44258768705,2024-01-16,94,1
44258768705,2024-01-17,97,1
44258768705,2024-01-18,92,1
44258768705,2024-01-19,103,1
44258768705,2024-01-20,99,1
44258768705,2024-01-21,98,1
44258768705,2024-01-22,94,1
44258768705,2024-01-23,42,0
44258768705,2024-01-24,92,1
44258768705,2024-01-25,43,0
44258768705,2024-01-26,249,0
44258768705,2024-01-27,109,1
44258768705,2024-01-28,91,1
54773907981,2024-01-01,121,1
54773907981,2024-01-02,67,1
54773907981,2024-01-03,22,0
54773907981,2024-01-04,101,1
54773907981,2024-01-05,80,1
54773907981,2024-01-06,66,1
54773907981,2024-01-07,253,0
54773907981,2024-01-08,4,0
54773907981,2024-01-09,61,1
54773907981,2024-01-10,16,0
54773907981,2024-01-11,56,1
54773907981,2024-01-12,102,1
54773907981,2024-01-13,100,1
54773907981,2024-01-14,60,1
54773907981,2024-01-15,23,0
54773907981,2024-01-16,99,1
54773907981,2024-01-17,67,1
54773907981,2024-01-18,10,0
54773907981,2024-01-19,29,0
54773907981,2024-01-20,52,0
54773907981,2024-01-21,49,1
54773907981,2024-01-22,122,1
54773907981,2024-01-23,53,1
54773907981,2024-01-24,56,1
54773907981,2024-01-25,55,1
54773907981,2024-01-26,106,1
54773907981,2024-01-27,68,1
54773907981,2024-01-28,83,1
62961347653,2024-01-01,49,0
62961347653,2024-01-02,191,1
62961347653,2024-01-03,34,0
62961347653,2024-01-04,121,1
62961347653,2024-01-05,93,1
62961347653,2024-01-06,165,1
62961347653,2024-01-07,23,0
62961347653,2024-01-08,175,1
62961347653,2024-01-09,137,1
62961347653,2024-01-10,81,1
62961347653,2024-01-11,109,1
62961347653,2024-01-12,103,1
62961347653,2024-01-13,197,1
62961347653,2024-01-14,74,1
62961347653,2024-01-15,102,1
62961347653,2024-01-16,35,0
62961347653,2024-01-17,108,1
62961347653,2024-01-18,58,1
62961347653,2024-01-19,102,1
62961347653,2024-01-20,59,1
62961347653,2024-01-21,60,1
62961347653,2024-01-22,48,0
62961347653,2024-01-23,76,1
62961347653,2024-01-24,17,0
62961347653,2024-01-25,68,1
62961347653,2024-01-26,15,0
62961347653,2024-01-27,22,1
62961347653,2024-01-28,69,1
65144551143,2024-01-01,30,0
65144551143,2024-01-02,49,1
65144551143,2024-01-03,52,1
65144551143,2024-01-04,66,1
65144551143,2024-01-05,50,1
65144551143,2024-01-06,51,1
65144551143,2024-01-07,66,1
65144551143,2024-01-08,55,1
65144551143,2024-01-09,53,1
65144551143,2024-01-10,75,1
65144551143,2024-01-11,44,1
65144551143,2024-01-12,212,1
65144551143,2024-01-13,83,1
65144551143,2024-01-14,77,1
65144551143,2024-01-15,38,1
65144551143,2024-01-16,12,0
65144551143,2024-01-17,60,1
65144551143,2024-01-18,27,0
65144551143,2024-01-19,66,1
65144551143,2024-01-20,45,1
65144551143,2024-01-21,49,1
65144551143,2024-01-22,10,0
65144551143,2024-01-23,162,1
65144551143,2024-01-24,1,0
65144551143,2024-01-25,7,0
65144551143,2024-01-26,61,1
65144551143,2024-01-27,61,1
65144551143,2024-01-28,60,1
67707154902,2024-01-01,70,1
67707154902,2024-01-02,85,1
67707154902,2024-01-03,97,1
67707154902,2024-01-04,82,1
67707154902,2024-01-05,67,1
67707154902,2024-01-06,87,1
67707154902,2024-01-07,93,1
67707154902,2024-01-08,86,1
67707154902,2024-01-09,82,1
67707154902,2024-01-10,70,1
67707154902,2024-01-11,41,0
67707154902,2024-01-12,66,1
67707154902,2024-01-13,75,1
67707154902,2024-01-14,118,1
67707154902,2024-01-15,71,1
67707154902,2024-01-16,57,1
67707154902,2024-01-17,24,0
67707154902,2024-01-18,83,1
67707154902,2024-01-19,76,1
67707154902,2024-01-20,32,0
67707154902,2024-01-21,59,1
67707154902,2024-01-22,74,1
67707154902,2024-01-23,64,1
67707154902,2024-01-24,51,1
67707154902,2024-01-25,101,1
67707154902,2024-01-26,66,1
67707154902,2024-01-27,74,1
67707154902,2024-01-28,66,1
67820535807,2024-01-01,1,0
67820535807,2024-01-02,3,1
67820535807,2024-01-03,4,1
67820535807,2024-01-04,5,1
67820535807,2024-01-05,4,1
67820535807,2024-01-06,4,1
67820535807,2024-01-07,5,1
67820535807,2024-01-08,4,1
67820535807,2024-01-09,1,0
67820535807,2024-01-10,6,1
67820535807,2024-01-11,5,1
67820535807,2024-01-12,5,1
67820535807,2024-01-13,4,1
67820535807,2024-01-14,3,0
67820535807,2024-01-15,2,1
67820535807,2024-01-16,5,1
67820535807,2024-01-17,4,1
67820535807,2024-01-18,4,1
67820535807,2024-01-19,4,1
67820535807,2024-01-20,3,1
67820535807,2024-01-21,4,1
67820535807,2024-01-22,3,1
67820535807,2024-01-23,3,1
67820535807,2024-01-24,4,1
67820535807,2024-01-25,11,1
67820535807,2024-01-26,7,1
67820535807,2024-01-27,6,1
67820535807,2024-01-28,5,1
68428380567,2024-01-01,84,1
68428380567,2024-01-02,10,0
68428380567,2024-01-03,74,1
68428380567,2024-01-04,175,1
68428380567,2024-01-05,59,1
68428380567,2024-01-06,101,1
68428380567,2024-01-07,104,1
68428380567,2024-01-08,71,1
68428380567,2024-01-09,60,1
68428380567,2024-01-10,93,1
68428380567,2024-01-11,28,1
68428380567,2024-01-12,150,1
68428380567,2024-01-13,69,1
68428380567,2024-01-14,103,1
68428380567,2024-01-15,79,1
68428380567,2024-01-16,77,1
68428380567,2024-01-17,76,1
68428380567,2024-01-18,181,0
68428380567,2024-01-19,195,0
68428380567,2024-01-20,14,0
68428380567,2024-01-21,22,1
68428380567,2024-01-22,89,1
68428380567,2024-01-23,65,1
68428380567,2024-01-24,93,1
68428380567,2024-01-25,23,0
68428380567,2024-01-26,94,1
68428380567,2024-01-27,32,0
68428380567,2024-01-28,12,0
70313489604,2024-01-01,47,1
70313489604,2024-01-02,19,0
70313489604,2024-01-03,30,1
70313489604,2024-01-04,88,1
70313489604,2024-01-05,44,1
70313489604,2024-01-06,26,0
70313489604,2024-01-07,98,1
70313489604,2024-01-08,131,1
70313489604,2024-01-09,65,1
70313489604,2024-01-10,36,1
70313489604,2024-01-11,85,1
70313489604,2024-01-12,86,1
70313489604,2024-01-13,109,1
70313489604,2024-01-14,65,1
70313489604,2024-01-15,5,0
70313489604,2024-01-16,79,1
70313489604,2024-01-17,48,1
70313489604,2024-01-18,53,1
70313489604,2024-01-19,0,0
70313489604,2024-01-20,23,0
70313489604,2024-01-21,46,1
70313489604,2024-01-22,0,1
70313489604,2024-01-23,181,1
70313489604,2024-01-24,9,0
70313489604,2024-01-25,47,1
70313489604,2024-01-26,39,0
70313489604,2024-01-27,62,1
70313489604,2024-01-28,32,1
70313489816,2024-01-01,23,0
70313489816,2024-01-02,29,0
70313489816,2024-01-03,63,1
70313489816,2024-01-04,86,1
70313489816,2024-01-05,64,1
70313489816,2024-01-06,56,0
70313489816,2024-01-07,73,1
70313489816,2024-01-08,83,1
70313489816,2024-01-09,77,1
70313489816,2024-01-10,9,0
70313489816,2024-01-11,52,1
70313489816,2024-01-12,81,1
70313489816,2024-01-13,25,0
70313489816,2024-01-14,18,0
70313489816,2024-01-15,81,1
70313489816,2024-01-16,13,0
70313489816,2024-01-17,80,1
70313489816,2024-01-18,32,0
70313489816,2024-01-19,74,1
70313489816,2024-01-20,64,1
70313489816,2024-01-21,60,1
70313489816,2024-01-22,102,1
70313489816,2024-01-23,1,0
70313489816,2024-01-24,63,1
70313489816,2024-01-25,80,1
70313489816,2024-01-26,38,0
70313489816,2024-01-27,22,0
70313489816,2024-01-28,28,0
79564986358,2024-01-01,21,0
79564986358,2024-01-02,49,1
79564986358,2024-01-03,3,0
79564986358,2024-01-04,48,1
79564986358,2024-01-05,48,1
79564986358,2024-01-06,47,1
79564986358,2024-01-07,47,1
79564986358,2024-01-08,50,1
79564986358,2024-01-09,13,0
79564986358,2024-01-10,46,1
79564986358,2024-01-11,47,1
79564986358,2024-01-12,45,1
79564986358,2024-01-13,22,0
79564986358,2024-01-14,46,1
79564986358,2024-01-15,47,1
79564986358,2024-01-16,46,1
79564986358,2024-01-17,46,1
79564986358,2024-01-18,47,1
79564986358,2024-01-19,47,1
79564986358,2024-01-20,48,1
79564986358,2024-01-21,44,1
79564986358,2024-01-22,49,1
79564986358,2024-01-23,48,1
79564986358,2024-01-24,138,1
79564986358,2024-01-25,46,1
79564986358,2024-01-26,48,1
79564986358,2024-01-27,48,1
79564986358,2024-01-28,49,1
79925077665,2024-01-01,4,1
79925077665,2024-01-02,5,1
79925077665,2024-01-03,4,1
79925077665,2024-01-04,3,1
79925077665,2024-01-05,5,1
79925077665,2024-01-06,16,1
79925077665,2024-01-07,5,1
79925077665,2024-01-08,0,0
79925077665,2024-01-09,0,0
79925077665,2024-01-10,6,1
79925077665,2024-01-11,5,1
79925077665,2024-01-12,4,0
79925077665,2024-01-13,6,1
79925077665,2024-01-14,7,1
79925077665,2024-01-15,4,1
79925077665,2024-01-16,16,1
79925077665,2024-01-17,5,1
79925077665,2024-01-18,5,1
79925077665,2024-01-19,5,1
79925077665,2024-01-20,4,0
79925077665,2024-01-21,4,1
79925077665,2024-01-22,6,1
79925077665,2024-01-23,20,1
79925077665,2024-01-24,3,1
79925077665,2024-01-25,6,1
79925077665,2024-01-26,5,1
79925077665,2024-01-27,6,1
79925077665,2024-01-28,5,1
80986040337,2024-01-01,52,1
80986040337,2024-01-02,78,1
80986040337,2024-01-03,50,1
80986040337,2024-01-04,42,1
80986040337,2024-01-05,41,1
80986040337,2024-01-06,68,1
80986040337,2024-01-07,68,1
80986040337,2024-01-08,83,1
80986040337,2024-01-09,31,1
80986040337,2024-01-10,71,1
80986040337,2024-01-11,17,0
80986040337,2024-01-12,12,0
80986040337,2024-01-13,2,0
80986040337,2024-01-14,25,1
80986040337,2024-01-15,54,1
80986040337,2024-01-16,9,0
80986040337,2024-01-17,27,1
80986040337,2024-01-18,36,1
80986040337,2024-01-19,45,1
80986040337,2024-01-20,21,0
80986040337,2024-01-21,68,1
80986040337,2024-01-22,82,1
80986040337,2024-01-23,53,1
80986040337,2024-01-24,29,1
80986040337,2024-01-25,36,1
80986040337,2024-01-26,4,0
80986040337,2024-01-27,85,1
80986040337,2024-01-28,30,1
82891994306,2024-01-01,219,0
82891994306,2024-01-02,26,0
82891994306,2024-01-03,3,0
82891994306,2024-01-04,37,1
82891994306,2024-01-05,106,1
82891994306,2024-01-06,32,0
82891994306,2024-01-07,65,1
82891994306,2024-01-08,10,0
82891994306,2024-01-09,5,0
82891994306,2024-01-10,111,1
82891994306,2024-01-11,134,1
82891994306,2024-01-12,47,1
82891994306,2024-01-13,61,1
82891994306,2024-01-14,35,1
82891994306,2024-01-15,72,1
82891994306,2024-01-16,111,1
82891994306,2024-01-17,70,1
82891994306,2024-01-18,91,1
82891994306,2024-01-19,85,1
82891994306,2024-01-20,129,1
82891994306,2024-01-21,3,0
82891994306,2024-01-22,252,1
82891994306,2024-01-23,76,1
82891994306,2024-01-24,89,1
82891994306,2024-01-25,3,0
82891994306,2024-01-26,41,1
82891994306,2024-01-27,521,1
82891994306,2024-01-28,78,1
83885151444,2024-01-01,33,1
83885151444,2024-01-02,7,0
83885151444,2024-01-03,35,1
83885151444,2024-01-04,33,1
83885151444,2024-01-05,30,0
83885151444,2024-01-06,19,0
83885151444,2024-01-07,37,1
83885151444,2024-01-08,8,0
83885151444,2024-01-09,34,1
83885151444,2024-01-10,34,1
83885151444,2024-01-11,30,1
83885151444,2024-01-12,33,1
83885151444,2024-01-13,34,1
83885151444,2024-01-14,36,1
83885151444,2024-01-15,34,0
83885151444,2024-01-16,34,1
83885151444,2024-01-17,34,1
83885151444,2024-01-18,33,1
83885151444,2024-01-19,32,1
83885151444,2024-01-20,36,1
83885151444,2024-01-21,34,1
83885151444,2024-01-22,36,1
83885151444,2024-01-23,33,1
83885151444,2024-01-24,32,1
83885151444,2024-01-25,31,1
83885151444,2024-01-26,31,1
83885151444,2024-01-27,33,1
83885151444,2024-01-28,33,1
83885188213,2024-01-01,72,1
83885188213,2024-01-02,94,1
83885188213,2024-01-03,106,1
83885188213,2024-01-04,68,1
83885188213,2024-01-05,58,1
83885188213,2024-01-06,107,1
83885188213,2024-01-07,70,1
83885188213,2024-01-08,86,1
83885188213,2024-01-09,160,1
83885188213,2024-01-10,39,1
83885188213,2024-01-11,88,1
83885188213,2024-01-12,81,1
83885188213,2024-01-13,7,0
83885188213,2024-01-14,47,0
83885188213,2024-01-15,104,1
83885188213,2024-01-16,129,1
83885188213,2024-01-17,67,1
83885188213,2024-01-18,108,1
83885188213,2024-01-19,101,1
83885188213,2024-01-20,84,1
83885188213,2024-01-21,33,0
83885188213,2024-01-22,71,1
83885188213,2024-01-23,107,1
83885188213,2024-01-24,191,1
83885188213,2024-01-25,17,0
83885188213,2024-01-26,109,1
83885188213,2024-01-27,56,1
83885188213,2024-01-28,79,1
83885197532,2024-01-01,2,0
83885197532,2024-01-02,18,0
83885197532,2024-01-03,52,1
83885197532,2024-01-04,67,1
83885197532,2024-01-05,23,1
83885197532,2024-01-06,78,1
83885197532,2024-01-07,1,1
83885197532,2024-01-08,76,1
83885197532,2024-01-09,14,1
83885197532,2024-01-10,125,1
83885197532,2024-01-11,78,1
83885197532,2024-01-12,72,1
83885197532,2024-01-13,0,1
83885197532,2024-01-14,80,1
83885197532,2024-01-15,54,1
83885197532,2024-01-16,29,1
83885197532,2024-01-17,110,1
83885197532,2024-01-18,69,1
83885197532,2024-01-19,122,1
83885197532,2024-01-20,29,1
83885197532,2024-01-21,134,1
83885197532,2024-01-22,83,1
83885197532,2024-01-23,69,1
83885197532,2024-01-24,82,1
83885197532,2024-01-25,101,1
83885197532,2024-01-26,62,1
83885197532,2024-01-27,30,1
83885197532,2024-01-28,62,1
85271853075,2024-01-01,95,1
85271853075,2024-01-02,30,1
85271853075,2024-01-03,60,1
85271853075,2024-01-04,1,0
85271853075,2024-01-05,347,1
85271853075,2024-01-06,52,1
85271853075,2024-01-07,101,1
85271853075,2024-01-08,53,1
85271853075,2024-01-09,67,1
85271853075,2024-01-10,63,1
85271853075,2024-01-11,72,1
85271853075,2024-01-12,43,1
85271853075,2024-01-13,14,0
85271853075,2024-01-14,78,1
85271853075,2024-01-15,69,1
85271853075,2024-01-16,54,1
85271853075,2024-01-17,47,1
85271853075,2024-01-18,53,1
85271853075,2024-01-19,46,1
85271853075,2024-01-20,46,1
85271853075,2024-01-21,91,1
85271853075,2024-01-22,49,1
85271853075,2024-01-23,56,1
85271853075,2024-01-24,40,1
85271853075,2024-01-25,47,1
85271853075,2024-01-26,83,1
85271853075,2024-01-27,43,1
85271853075,2024-01-28,36,1
89595784043,2024-01-01,80,1
89595784043,2024-01-02,82,1
89595784043,2024-01-03,85,1
89595784043,2024-01-04,283,1
89595784043,2024-01-05,50,1
89595784043,2024-01-06,11,0
89595784043,2024-01-07,10,0
89595784043,2024-01-08,93,1
89595784043,2024-01-09,4,0
89595784043,2024-01-10,96,1
89595784043,2024-01-11,22,0
89595784043,2024-01-12,106,1
89595784043,2024-01-13,69,1
89595784043,2024-01-14,34,1
89595784043,2024-01-15,75,1
89595784043,2024-01-16,103,1
89595784043,2024-01-17,85,1
89595784043,2024-01-18,43,0
89595784043,2024-01-19,42,0
89595784043,2024-01-20,0,0
89595784043,2024-01-21,103,1
89595784043,2024-01-22,223,1
89595784043,2024-01-23,73,1
89595784043,2024-01-24,69,1
89595784043,2024-01-25,105,1
89595784043,2024-01-26,259,1
89595784043,2024-01-27,107,1
89595784043,2024-01-28,101,1
89680855846,2024-01-01,54,1
89680855846,2024-01-02,75,1
89680855846,2024-01-03,107,1
89680855846,2024-01-04,7,0
89680855846,2024-01-05,145,1
89680855846,2024-01-06,29,1
89680855846,2024-01-07,42,0
89680855846,2024-01-08,35,1
89680855846,2024-01-09,139,1
89680855846,2024-01-10,72,0
89680855846,2024-01-11,128,1
89680855846,2024-01-12,78,1
89680855846,2024-01-13,21,1
89680855846,2024-01-14,80,1
89680855846,2024-01-15,94,1
89680855846,2024-01-16,86,1
89680855846,2024-01-17,99,1
89680855846,2024-01-18,44,1
89680855846,2024-01-19,49,0
89680855846,2024-01-20,7,0
89680855846,2024-01-21,77,0
89680855846,2024-01-22,26,0
89680855846,2024-01-23,76,0
89680855846,2024-01-24,101,1
89680855846,2024-01-25,0,1
89680855846,2024-01-26,46,1
89680855846,2024-01-27,57,0
89680855846,2024-01-28,36,1
89680861724,2024-01-01,28,1
89680861724,2024-01-02,2,1
89680861724,2024-01-03,5,0
89680861724,2024-01-04,0,0
89680861724,2024-01-05,1,0
89680861724,2024-01-06,1,1
89680861724,2024-01-07,10,0
89680861724,2024-01-08,0,1
89680861724,2024-01-09,0,0
89680861724,2024-01-10,32,1
89680861724,2024-01-11,0,0
89680861724,2024-01-12,8,1
89680861724,2024-01-13,2,0
89680861724,2024-01-14,10,1
89680861724,2024-01-15,18,1
89680861724,2024-01-16,11,0
89680861724,2024-01-17,21,1
89680861724,2024-01-18,9,0
89680861724,2024-01-19,18,1
89680861724,2024-01-20,25,1
89680861724,2024-01-21,21,1
89680861724,2024-01-22,21,1
89680861724,2024-01-23,24,1
89680861724,2024-01-24,14,0
89680861724,2024-01-25,7,1
89680861724,2024-01-26,7,1
89680861724,2024-01-27,5,0
89680861724,2024-01-28,22,1
90311694481,2024-01-01,23,1
90311694481,2024-01-02,33,1
90311694481,2024-01-03,29,1
90311694481,2024-01-04,1,0
90311694481,2024-01-05,23,1
90311694481,2024-01-06,2,1
90311694481,2024-01-07,31,1
90311694481,2024-01-08,26,1
90311694481,2024-01-09,9,1
90311694481,2024-01-10,8,0
90311694481,2024-01-11,6,0
90311694481,2024-01-12,38,1
90311694481,2024-01-13,37,1
90311694481,2024-01-14,47,1
90311694481,2024-01-15,16,1
90311694481,2024-01-16,32,1
90311694481,2024-01-17,19,1
90311694481,2024-01-18,23,1
90311694481,2024-01-19,21,1
90311694481,2024-01-20,32,1
90311694481,2024-01-21,14,0
90311694481,2024-01-22,0,1
90311694481,2024-01-23,6,0
90311694481,2024-01-24,5,0
90311694481,2024-01-25,53,1
90311694481,2024-01-26,24,1
90311694481,2024-01-27,10,0
90311694481,2024-01-28,15,1
90311700623,2024-01-01,0,1
92328160407,2024-01-01,28,1
92328160407,2024-01-02,109,1
92328160407,2024-01-03,94,1
92328160407,2024-01-04,21,0
92328160407,2024-01-05,121,1
92328160407,2024-01-06,149,1
92328160407,2024-01-07,42,1
92328160407,2024-01-08,36,0
92328160407,2024-01-09,85,1
92328160407,2024-01-10,36,1
92328160407,2024-01-11,13,0
92328160407,2024-01-12,66,1
92328160407,2024-01-13,71,1
92328160407,2024-01-14,69,1
92328160407,2024-01-15,27,0
92328160407,2024-01-16,76,1
92328160407,2024-01-17,104,1
92328160407,2024-01-18,15,0
92328160407,2024-01-19,60,0
92328160407,2024-01-20,71,1
92328160407,2024-01-21,60,1
92328160407,2024-01-22,69,1
92328160407,2024-01-23,60,1
92328160407,2024-01-24,40,1
92328160407,2024-01-25,347,1
92328160407,2024-01-26,79,1
92328160407,2024-01-27,90,1
92328160407,2024-01-28,104,1
95222271975,2024-01-01,87,1
95222271975,2024-01-02,33,0
95222271975,2024-01-03,76,1
95222271975,2024-01-04,96,1
95222271975,2024-01-05,76,1
95222271975,2024-01-06,91,1
95222271975,2024-01-07,90,1
95222271975,2024-01-08,82,1
95222271975,2024-01-09,100,1
95222271975,2024-01-10,241,1
95222271975,2024-01-11,30,0
95222271975,2024-01-12,91,1
95222271975,2024-01-13,85,1
95222271975,2024-01-14,79,1
95222271975,2024-01-15,47,0
95222271975,2024-01-16,42,0
95222271975,2024-01-17,74,1
95222271975,2024-01-18,55,1
95222271975,2024-01-19,76,1
95222271975,2024-01-20,96,1
95222271975,2024-01-21,4,0
95222271975,2024-01-22,84,1
95222271975,2024-01-23,79,1
95222271975,2024-01-24,43,0
95222271975,2024-01-25,89,1
95222271975,2024-01-26,90,1
95222271975,2024-01-27,50,0
95222271975,2024-01-28,98,1